Spotify URI,Title,Album,Artist(s),Submitter ID,Created,Comment,Round ID,Visible To Voters
spotify:track:0Kt9sF46S7DFKrQOsXqidV,Blood - End Credits,The Black Parade Is Dead!,My Chemical Romance,8534b56c8c17416399e40867a55ee238,2023-10-31T19:31:56Z,,306618975cb445678415b3e4ccc0f8a2,No
spotify:track:0y1rTPYx9e1fFlP3W9KvpW,Suspiria,Suspiria (40th Anniversary) [Original Motion Picture Soundtrack],Goblin,f97267c5ec9f4532b3558606bec4cd1a,2023-10-30T15:28:50Z,,306618975cb445678415b3e4ccc0f8a2,No
spotify:track:1QUXgI2yyMTx88kwQ8dA8Y,Werewolf Bar Mitzvah,30 Rock,"Jeff Richmond, Tracy Morgan",f16c8cb7c892491c997f8267e6adb822,2023-10-28T19:37:44Z,Werewolf Barmitzvah - Spooky Scary,306618975cb445678415b3e4ccc0f8a2,Yes
spotify:track:1sUdq3kWa9dJXHu3eYOUll,"Spooky, Scary Skeletons - Undead Tombstone Remix",Halloween Howls: Fun & Scary Music (Deluxe Edition),Andrew Gold,cb2a0e8f95124d5b85d7d00def234564,2023-10-28T18:55:32Z,,306618975cb445678415b3e4ccc0f8a2,No
spotify:track:2h47SG8bNphmicAll4H9RV,Dead Man's Party,Dead Man's Party,Oingo Boingo,7d5ffc2a42d74f9db5fb492234eb38df,2023-10-30T04:41:00Z,This is the singer of Jack Skellingtons singing voice ,306618975cb445678415b3e4ccc0f8a2,Yes
spotify:track:2TmUt0ofWMa02MdYkKhK4C,Pigstep (Stereo Mix),Minecraft: Nether Update (Original Game Soundtrack),"Lena Raine, Minecraft",72633bdfdd634d77bb3cafcd68adc205,2023-10-30T23:21:26Z,The nether is spooky,306618975cb445678415b3e4ccc0f8a2,No
spotify:track:3tTQ86hxXgjh6pWVlI1gB8,Bark Skinpson,Jiminy,Bear Ghost,c6d1fb774afd43f8884c346433c7bce7,2023-10-28T19:40:36Z,,306618975cb445678415b3e4ccc0f8a2,No
spotify:track:5cYyCE4b3T5TdQ3sGg8CYc,Toccata and Fugue in D minor,Great Organ Classics,"Johann Sebastian Bach, William McVicker",c03ea0ff06414a3db15c674e53c0dd67,2023-10-28T22:10:43Z,,306618975cb445678415b3e4ccc0f8a2,No
spotify:track:5XemvyG79fcKPl5lgbhplq,W.I.T.C.H.,W.I.T.C.H.,Devon Cole,37ac29814b45431e8a7f8c5933f70f4c,2023-10-31T15:16:28Z,Pretty spooky if you ask me ,306618975cb445678415b3e4ccc0f8a2,Yes
spotify:track:6FVYwnVrnAEIRnY3bHJb46,Beast and the Harlot,City of Evil,Avenged Sevenfold,ded003ef081743dbb71c97bf27e95c56,2023-10-28T21:22:04Z,Spooky metal,306618975cb445678415b3e4ccc0f8a2,No
spotify:track:6KMb33MJ8rY3V5KcJsZ3c0,TRANSylvania,TURN OFF THE LIGHT,Kim Petras,9a95f4b3c9ff4cfa974ff7eba1160f04,2023-10-31T18:00:22Z,,306618975cb445678415b3e4ccc0f8a2,No
spotify:track:3CAQBR9Rbfo1XW2Bb18AHH,Proto Culture,Both Sides Of The Brain,Del The Funky Homosapien,ded003ef081743dbb71c97bf27e95c56,2023-11-06T03:39:40Z,The lyrics really make you think ü§î,4a5de4e05cfd4edea98f4d9ca5ee3d2b,No
spotify:track:3Kt6UReyCtmrYvbsHb3STj,„É©„Ç∞„Éà„É¨„Ç§„É≥,„É©„Ç∞„Éà„É¨„Ç§„É≥,Á®≤ËëâÊõá,c6d1fb774afd43f8884c346433c7bce7,2023-11-06T04:47:08Z,"it has a fun music video too
https://www.youtube.com/watch?v=UnIhRpIT7nc",4a5de4e05cfd4edea98f4d9ca5ee3d2b,No
spotify:track:3ln8UwzwD6drzKappYDESb,Glass Ocean,"Neon White Soundtrack Part 1 ""The Wicked Heart""",Machine Girl,f97267c5ec9f4532b3558606bec4cd1a,2023-11-04T18:01:58Z,,4a5de4e05cfd4edea98f4d9ca5ee3d2b,No
spotify:track:3QSjVPObHxuAJc3E5nrjRn,VILLAIN,ALL OUT,"K/DA, Madison Beer, Kim Petras, League of Legends",9a95f4b3c9ff4cfa974ff7eba1160f04,2023-11-04T17:48:45Z,KIM PETRAS EVERY WEEK!,4a5de4e05cfd4edea98f4d9ca5ee3d2b,No
spotify:track:5hISmTJXBXdOes4htbUhGk,Wolf Totem,The Gereg,The HU,c03ea0ff06414a3db15c674e53c0dd67,2023-11-04T18:05:55Z,,4a5de4e05cfd4edea98f4d9ca5ee3d2b,No
spotify:track:5sNESr6pQfIhL3krM8CtZn,Numb / Encore,Numb / Encore: MTV Ultimate Mash-Ups Presents Collision Course,"JAY-Z, Linkin Park",72633bdfdd634d77bb3cafcd68adc205,2023-11-06T03:29:35Z,,4a5de4e05cfd4edea98f4d9ca5ee3d2b,No
spotify:track:6DmANkO1WB17OKvIHCumJE,Radical City : Living In The City,Sonic R Original Soundtrack,"SEGA SOUND TEAM, Richard Jacques",7d5ffc2a42d74f9db5fb492234eb38df,2023-11-06T04:14:45Z,I don't listen to music while gaming but this is a nice song from Sonic with a satisfying key change,4a5de4e05cfd4edea98f4d9ca5ee3d2b,Yes
spotify:track:74inHQGjQj6w630tZ9wb2J,Live To Win,Live To Win,Paul Stanley,f16c8cb7c892491c997f8267e6adb822,2023-11-06T02:14:55Z,,4a5de4e05cfd4edea98f4d9ca5ee3d2b,No
spotify:track:7CMVo848b9LsUtVavIoiXC,Hopes And Dreams,UNDERTALE Soundtrack,Toby Fox,8534b56c8c17416399e40867a55ee238,2023-11-06T19:54:06Z,,4a5de4e05cfd4edea98f4d9ca5ee3d2b,No
spotify:track:7DdXf9x75iEVCHWfoRwRuR,Fitzpleasure,An Awesome Wave,alt-J,37ac29814b45431e8a7f8c5933f70f4c,2023-11-06T13:54:08Z,"Tall woman ü´°ü´°ü´°



This counts as a gaming song because they use the word ‚Äúpylons‚Äù. ",4a5de4e05cfd4edea98f4d9ca5ee3d2b,Yes
spotify:track:7gESuiigF7GFFYIApfUBk5,Love the Subhuman Self,GUILTY GEAR -STRIVE- ORIGINAL SOUND TRACK VOL.1,"AISHA, Jamison Boaz, Arc System Works",cb2a0e8f95124d5b85d7d00def234564,2023-11-05T20:09:44Z,,4a5de4e05cfd4edea98f4d9ca5ee3d2b,No
spotify:track:1nZF4B2XVzdQtRPryeUZll,335,Abraham Alexander,Abraham Alexander,37ac29814b45431e8a7f8c5933f70f4c,2023-11-10T00:47:04Z,,e5b01ea17db4467591a49cd070cb151a,No
spotify:track:1Wz1RtIYLLekgzbpB3ijnF,Honeymoon Express,Wendy And Lisa,Wendy & Lisa,7d5ffc2a42d74f9db5fb492234eb38df,2023-11-08T23:34:02Z,Funky Bunky,e5b01ea17db4467591a49cd070cb151a,Yes
spotify:track:2DlHlPMa4M17kufBvI2lEN,Chop Suey!,Toxicity,System Of A Down,cb2a0e8f95124d5b85d7d00def234564,2023-11-09T01:13:37Z,not the best system of a down song but its for the sing 2 reference,e5b01ea17db4467591a49cd070cb151a,No
spotify:track:3aqD8bNjsGmkPbilWiZMjA,Butterfly Effect,Butterfly,fox capture plan,ded003ef081743dbb71c97bf27e95c56,2023-11-09T02:01:51Z,On the highway üòé,e5b01ea17db4467591a49cd070cb151a,No
spotify:track:41eXGUwpvve6nf3PfsHGpn,Sick of The Silence,Inside,Mother Mother,f16c8cb7c892491c997f8267e6adb822,2023-11-10T20:36:57Z,,e5b01ea17db4467591a49cd070cb151a,No
spotify:track:45oantdYijrgFgbeyzkuVX,Make It Right (feat. Lauv) [Acoustic Remix],Make It Right (feat. Lauv) [Acoustic Remix],"BTS, Lauv",c03ea0ff06414a3db15c674e53c0dd67,2023-11-09T01:30:09Z,,e5b01ea17db4467591a49cd070cb151a,No
spotify:track:5rQEom98vgByjAZ4kIw2kL,Road Head,Soft Sounds from Another Planet,Japanese Breakfast,72633bdfdd634d77bb3cafcd68adc205,2023-11-11T00:48:56Z,Very relaxing in traffic,e5b01ea17db4467591a49cd070cb151a,No
spotify:track:62mpzf6JpgyUaOZC2NWFi6,Happy Days,Pink Lemonade,Closure in Moscow,c6d1fb774afd43f8884c346433c7bce7,2023-11-09T01:27:27Z,,e5b01ea17db4467591a49cd070cb151a,No
spotify:track:6FUiMG8E8wSz40s9ew08Yj,Banks,A Constant State of Ohio,Lincoln,8534b56c8c17416399e40867a55ee238,2023-11-11T04:54:44Z,,e5b01ea17db4467591a49cd070cb151a,No
spotify:track:6WKDtdVILJvcfqpvSQgwAQ,Crash,CRASH,Charli xcx,f97267c5ec9f4532b3558606bec4cd1a,2023-11-09T00:23:41Z,How I feel going over the Bay Bridge,e5b01ea17db4467591a49cd070cb151a,Yes
spotify:track:75M7UJy4KmcP3ng0vICdPN,LIKE YXU WXULD KNXW (AUTUMN TREES),LIKE YXU WXULD KNXW (AUTUMN TREES),"Kordhell, Scarlxrd, CORPSE",9a95f4b3c9ff4cfa974ff7eba1160f04,2023-11-09T01:08:13Z,,e5b01ea17db4467591a49cd070cb151a,No
spotify:track:0DoACS30GwIY6qaFjCMMUz,Transatlanticism,Transatlanticism (10th Anniversary Edition),Death Cab for Cutie,c03ea0ff06414a3db15c674e53c0dd67,2023-11-16T16:57:15Z,"Many papers were written to this song, mostly the night they were due",0bb79c2f59964f95b9002d96e70b6b1d,Yes
spotify:track:2gLalMkbrFz6VkAgYORIQp,Newlove,Newlove,Sewerslvt,7d5ffc2a42d74f9db5fb492234eb38df,2023-11-14T17:29:36Z,My productivity playlist is just drum and bass,0bb79c2f59964f95b9002d96e70b6b1d,Yes
spotify:track:2SrHOv3jKK3OcIdfpH36hK,Applause - Hardstyle,Applause (Hardstyle),"Always Mirin, Akimbo Beats",9a95f4b3c9ff4cfa974ff7eba1160f04,2023-11-14T21:55:49Z,,0bb79c2f59964f95b9002d96e70b6b1d,No
spotify:track:4a2uqVlpRChHj32EjJLu7G,Nose On The Grindstone (OurVinyl Sessions),Tyler Childers | OurVinyl Sessions,"Tyler Childers, OurVinyl",37ac29814b45431e8a7f8c5933f70f4c,2023-11-14T20:31:28Z,I play this when my code doesn‚Äôt run ‚òπÔ∏è,0bb79c2f59964f95b9002d96e70b6b1d,Yes
spotify:track:5JWPUEov2wlX7c0jhYZpeB,Lost In Yesterday,The Slow Rush,Tame Impala,72633bdfdd634d77bb3cafcd68adc205,2023-11-14T18:37:37Z,"Best in the headphones, not the car ",0bb79c2f59964f95b9002d96e70b6b1d,Yes
spotify:track:5RvxdCaZN1ojiYuqv3WEeO,Cleric Girl,You'll Find It in the End,Sisyfuss,8534b56c8c17416399e40867a55ee238,2023-11-16T19:29:06Z,"this is one of five songs on my productivity playlist, which I loop for hours",0bb79c2f59964f95b9002d96e70b6b1d,Yes
spotify:track:6Os9ubHOGZ7GjKINckYgS4,Education,TECHCORE EVANGELIX 01,PSYQUI,c6d1fb774afd43f8884c346433c7bce7,2023-11-14T20:21:39Z,,0bb79c2f59964f95b9002d96e70b6b1d,No
spotify:track:7BfpYMkmM5PfA4esQMML9o,After 5 Clash,After 5 Clash,Toshikii,ded003ef081743dbb71c97bf27e95c56,2023-11-16T03:09:59Z,"I was gonna pick a bigger city pop crowd favorite, but After 5 Clash and A Million Miles Away got me through grad school",0bb79c2f59964f95b9002d96e70b6b1d,No
spotify:track:7DfJooD4wNPo2Vvw4SWsF3,Pan Matsuri,Miracle in Transit,Naked Flames,f97267c5ec9f4532b3558606bec4cd1a,2023-11-14T17:45:42Z,,0bb79c2f59964f95b9002d96e70b6b1d,No
spotify:track:7hDVYcQq6MxkdJGweuCtl9,ocean eyes,dont smile at me,Billie Eilish,f16c8cb7c892491c997f8267e6adb822,2023-11-16T01:39:26Z,,0bb79c2f59964f95b9002d96e70b6b1d,No
spotify:track:0o73cSWmV0YJeHvzDbJDdn,Coffin Nails,Metal Fingers Presents: Special Herbs Vol. 5 & 6,MF DOOM,ded003ef081743dbb71c97bf27e95c56,2023-11-19T22:46:46Z,,0887b071970a477fa2ddc7abc5dedcb9,No
spotify:track:0UCfNIorTzm2pru81Wtt33,Return to Oblivion,DEATH UNTO DAWN: FINAL FANTASY XIV Original Soundtrack,Á•ñÂ†Ö Ê≠£ÊÖ∂,c03ea0ff06414a3db15c674e53c0dd67,2023-11-20T19:10:31Z,,0887b071970a477fa2ddc7abc5dedcb9,No
spotify:track:1Hqxh4GS9XGIZHBKylAwoZ,How Soon Is Now? - 2008 Remaster,The Sound of the Smiths (2008 Remaster),The Smiths,7d5ffc2a42d74f9db5fb492234eb38df,2023-11-19T20:59:19Z,,0887b071970a477fa2ddc7abc5dedcb9,Yes
spotify:track:1tUiPKYOob0YbMdVRbr79w,Up All Night,Glorious,"ARTY, Angel Taylor",9a95f4b3c9ff4cfa974ff7eba1160f04,2023-11-19T20:12:23Z,,0887b071970a477fa2ddc7abc5dedcb9,No
spotify:track:2dgxZM98rGyN2cI357Npeq,Hot Air Balloon,Ocean Eyes (Deluxe Version),Owl City,72633bdfdd634d77bb3cafcd68adc205,2023-11-19T23:24:47Z,Let's spend ü§ë the afternoon üåÑin a cold üßä hot üî• air üí® balloonüéà,0887b071970a477fa2ddc7abc5dedcb9,Yes
spotify:track:2hGchv7KYaINz9Z1qzufNm,Top Dog,mini mix vol. 3,Magdalena Bay,f97267c5ec9f4532b3558606bec4cd1a,2023-11-19T20:55:42Z,I also want to be like Laura Dern,0887b071970a477fa2ddc7abc5dedcb9,Yes
spotify:track:2UQYVFUrqybUciB3ULiysS,"I Love You, But I Need Another Year",Fine But Dying,Liza Anne,37ac29814b45431e8a7f8c5933f70f4c,2023-11-19T20:58:24Z,,0887b071970a477fa2ddc7abc5dedcb9,No
spotify:track:3CK6CjjrmPTJu5bq4tCrS4,Feral Heart,Where's Your Light?,Tara Terra,c6d1fb774afd43f8884c346433c7bce7,2023-11-19T21:06:57Z,,0887b071970a477fa2ddc7abc5dedcb9,No
spotify:track:3ySU5vwQB33iGulwcUL9qQ,Don't Take The Money,Gone Now,Bleachers,f16c8cb7c892491c997f8267e6adb822,2023-11-20T14:51:11Z,,0887b071970a477fa2ddc7abc5dedcb9,No
spotify:track:5MUOHLsPmFqIPOJkCNXHra,Sea Shanty 2,RuneScape: Original Soundtrack Classics,Ian Taylor,cb2a0e8f95124d5b85d7d00def234564,2023-11-20T19:17:10Z,,0887b071970a477fa2ddc7abc5dedcb9,No
spotify:track:7EkWXAI1wn8Ii883ecd9xr,Freaks,Freaks,Surf Curse,8534b56c8c17416399e40867a55ee238,2023-11-21T19:36:02Z,,0887b071970a477fa2ddc7abc5dedcb9,No
spotify:track:0GO8y8jQk1PkHzS31d699N,Tongue Tied,Never Trust a Happy Song,GROUPLOVE,8534b56c8c17416399e40867a55ee238,2023-11-25T22:42:30Z,it just make me happy,d47f7cd057b749a186062df4b6e9ecc3,Yes
spotify:track:0H1niUKxMe0D2TEbyUGn9M,Time and Money,Time and Money,Luke Levenson,9a95f4b3c9ff4cfa974ff7eba1160f04,2023-11-24T21:00:47Z,,d47f7cd057b749a186062df4b6e9ecc3,No
spotify:track:1mCsF9Tw4AkIZOjvZbZZdT,Break My Stride,I Don't Speak The Language,Matthew Wilder,7d5ffc2a42d74f9db5fb492234eb38df,2023-11-25T23:07:24Z,,d47f7cd057b749a186062df4b6e9ecc3,Yes
spotify:track:3eO590MvMxfHYBNFCVsUK6,Feelin' Lucky Lately - Remastered,Feelin' Lucky,High Fashion,ded003ef081743dbb71c97bf27e95c56,2023-11-25T04:18:33Z,This is the song that got me through finals!,d47f7cd057b749a186062df4b6e9ecc3,Yes
spotify:track:3qI94hINNNeb4S7xQi18lS,Blame It on the Boogie,Destiny,The Jacksons,c03ea0ff06414a3db15c674e53c0dd67,2023-11-24T20:30:02Z,,d47f7cd057b749a186062df4b6e9ecc3,No
spotify:track:4YMvlMYV3hD8emKCprfb4N,BUBBLE TEA,BUBBLE TEA,"dark cat, juu, Cinders",72633bdfdd634d77bb3cafcd68adc205,2023-11-25T14:02:00Z,,d47f7cd057b749a186062df4b6e9ecc3,No
spotify:track:5ECxiK4Vigo1yRRmAoZc1f,Silk Chiffon,MUNA,"MUNA, Phoebe Bridgers",f97267c5ec9f4532b3558606bec4cd1a,2023-11-24T21:22:06Z,,d47f7cd057b749a186062df4b6e9ecc3,No
spotify:track:5eT5u3hI42RC0vGGgSE11X,Bright Blue Sky,New & Improved,TWRP,c6d1fb774afd43f8884c346433c7bce7,2023-11-24T20:03:31Z,,d47f7cd057b749a186062df4b6e9ecc3,No
spotify:track:5jr6pG3khBcBXZRm8NogSe,Baby I'm Yours,Baby I'm Yours,"Breakbot, Irfane",f16c8cb7c892491c997f8267e6adb822,2023-11-24T20:50:00Z,,d47f7cd057b749a186062df4b6e9ecc3,No
spotify:track:5ozOHz9mYCxDt86RKU6Ypq,Rhode Island Is Famous For You,"Blossom Dearie, Soubrette: Sings Broadway Hits Songs",Blossom Dearie,37ac29814b45431e8a7f8c5933f70f4c,2023-11-24T20:59:22Z,,d47f7cd057b749a186062df4b6e9ecc3,No
spotify:track:6k7vblX4M4TgEjPt6jLoHZ,Free,Free,Florence + The Machine,cb2a0e8f95124d5b85d7d00def234564,2023-11-25T01:52:43Z,,d47f7cd057b749a186062df4b6e9ecc3,No
spotify:track:04P1ylRDzyxBIl9W0UNWXC,Thoroughfare,Preacher‚Äôs Daughter,Ethel Cain,37ac29814b45431e8a7f8c5933f70f4c,2023-11-27T23:46:06Z,,989de99e66664ebf9a52cfa8c69ee302,No
spotify:track:0D8l86LXxKcgKAO17DfQsl,Rosetta Stoned,"10,000 Days",TOOL,9a95f4b3c9ff4cfa974ff7eba1160f04,2023-11-27T23:04:20Z,,989de99e66664ebf9a52cfa8c69ee302,No
spotify:track:0lrtYwuy37bJzsO2LHz2kj,Cabinet Man,Spirit Phone,Lemon Demon,8534b56c8c17416399e40867a55ee238,2023-11-29T00:59:16Z,me when im an arcade machine,989de99e66664ebf9a52cfa8c69ee302,Yes
spotify:track:2SpEHTbUuebeLkgs9QB7Ue,Jolene,Jolene,Dolly Parton,7d5ffc2a42d74f9db5fb492234eb38df,2023-11-27T17:10:25Z,,989de99e66664ebf9a52cfa8c69ee302,Yes
spotify:track:3hy3Q6eaItpp1ZPRp7Np4e,"Trapped In the Drive-Thru (Parody of ""Trapped In The Closet"" by R. Kelly)",Straight Outta Lynwood,"""Weird Al"" Yankovic",ded003ef081743dbb71c97bf27e95c56,2023-11-28T16:04:57Z,,989de99e66664ebf9a52cfa8c69ee302,No
spotify:track:3UmaczJpikHgJFyBTAJVoz,Stan,The Marshall Mathers LP,"Eminem, Dido",c6d1fb774afd43f8884c346433c7bce7,2023-11-27T16:40:13Z,,989de99e66664ebf9a52cfa8c69ee302,No
spotify:track:453spNn4mGdYErYt3rGhSX,Kettering,Hospice,The Antlers,c03ea0ff06414a3db15c674e53c0dd67,2023-11-27T23:39:08Z,,989de99e66664ebf9a52cfa8c69ee302,No
spotify:track:4wFBbeR03fah9nwy0isyO8,The Predatory Wasp of the Palisades Is Out to Get Us!,Illinois,Sufjan Stevens,f97267c5ec9f4532b3558606bec4cd1a,2023-11-29T00:24:37Z,,989de99e66664ebf9a52cfa8c69ee302,No
spotify:track:5Q0drnO7ebpIei81pX61wo,Sunburn,Ocean Eyes (Deluxe Version),Owl City,72633bdfdd634d77bb3cafcd68adc205,2023-11-28T17:03:55Z,,989de99e66664ebf9a52cfa8c69ee302,No
spotify:track:6gdopsym8XAjfOQxaoMedf,Papa Was a Rodeo,69 Love Songs,The Magnetic Fields,f16c8cb7c892491c997f8267e6adb822,2023-11-27T15:37:02Z,,989de99e66664ebf9a52cfa8c69ee302,No
spotify:track:7lFgli7y2vo7sjgynHZzBP,Kickapoo,The Pick Of Destiny,Tenacious D,cb2a0e8f95124d5b85d7d00def234564,2023-11-27T15:24:25Z,,989de99e66664ebf9a52cfa8c69ee302,No
spotify:track:02EW9ybZQ1jaBXxB0Rtw3J,Walking Is Still Honest (Live),23 Live Sex Acts,Against Me!,ded003ef081743dbb71c97bf27e95c56,2023-12-01T04:32:42Z,,ba59c8d7051e42aa81bbd56c83914d7b,No
spotify:track:0ks73dEq6fYivoMRFbDD5g,Ain't Love Grand,Suicide Notes And Butterfly Kisses,Atreyu,c6d1fb774afd43f8884c346433c7bce7,2023-11-30T22:40:14Z,,ba59c8d7051e42aa81bbd56c83914d7b,No
spotify:track:0Z0s6dw0zw2ENU1gVjlLV6,Subdivisions,Signals,Rush,37ac29814b45431e8a7f8c5933f70f4c,2023-11-30T18:12:07Z,,ba59c8d7051e42aa81bbd56c83914d7b,No
spotify:track:1O9DWF3578RHMxZg2nLPeM,Disillusioned,Eat The Elephant,A Perfect Circle,9a95f4b3c9ff4cfa974ff7eba1160f04,2023-11-30T19:50:58Z,,ba59c8d7051e42aa81bbd56c83914d7b,No
spotify:track:1ONoPkp5XIuw3tZ1GzrNKZ,Miserable At Best,A Lesson In Romantics,Mayday Parade,cb2a0e8f95124d5b85d7d00def234564,2023-12-01T01:28:26Z,,ba59c8d7051e42aa81bbd56c83914d7b,No
spotify:track:2hgkutEHVmJRg7drAJAFHi,Camisado,A Fever You Can't Sweat Out,Panic! At The Disco,f97267c5ec9f4532b3558606bec4cd1a,2023-12-01T02:13:06Z,This is my coming out as a A Fever You Can't Sweat Out fan,ba59c8d7051e42aa81bbd56c83914d7b,No
spotify:track:4MjJlPgUYMQjvHOQq0uvOv,Better Off Dead,Madness (Deluxe Edition),Sleeping With Sirens,8534b56c8c17416399e40867a55ee238,2023-12-06T19:16:55Z,,ba59c8d7051e42aa81bbd56c83914d7b,No
spotify:track:4WdopfTdSd0nCLropjhsgH,The Only Difference Between Martyrdom and Suicide Is Press Coverage,A Fever You Can't Sweat Out,Panic! At The Disco,72633bdfdd634d77bb3cafcd68adc205,2023-12-04T02:03:56Z,,ba59c8d7051e42aa81bbd56c83914d7b,No
spotify:track:672brKdpDs7BY0bhMw8RfJ,Never Known Love,Again and Again,Thieves Like Us,7d5ffc2a42d74f9db5fb492234eb38df,2023-12-06T19:33:14Z,,ba59c8d7051e42aa81bbd56c83914d7b,Yes
spotify:track:6YIggUJW3ttAAPRdnki8RM,Disarm - 2011 Remaster,Siamese Dream (Deluxe Edition),The Smashing Pumpkins,f16c8cb7c892491c997f8267e6adb822,2023-12-01T01:36:55Z,"If anyone submits Bullet with Butterfly Wings, they are a basic bitch",ba59c8d7051e42aa81bbd56c83914d7b,No
spotify:track:7e5KPODQV0f3LclrJGAfTw,Dear God,Dear God,XTC,c03ea0ff06414a3db15c674e53c0dd67,2023-11-30T22:21:47Z,,ba59c8d7051e42aa81bbd56c83914d7b,No
spotify:track:003vvx7Niy0yvhvHt4a68B,Mr. Brightside,Hot Fuss,The Killers,f16c8cb7c892491c997f8267e6adb822,2023-12-11T18:10:50Z,,f8c4806ced924e6ea02cc82d8246c5c5,No
spotify:track:00Mb3DuaIH1kjrwOku9CGU,Sk8er Boi,Let Go,Avril Lavigne,cb2a0e8f95124d5b85d7d00def234564,2023-12-10T05:51:34Z,,f8c4806ced924e6ea02cc82d8246c5c5,No
spotify:track:0COqiPhxzoWICwFCS4eZcp,Bring Me To Life,Fallen,Evanescence,9a95f4b3c9ff4cfa974ff7eba1160f04,2023-12-08T21:56:47Z,The label forced them to add a rap verse to their hard rock song. Nothing more 00s than that. ,f8c4806ced924e6ea02cc82d8246c5c5,Yes
spotify:track:1HNE2PX70ztbEl6MLxrpNL,In Too Deep,"All Killer, No Filler",Sum 41,ded003ef081743dbb71c97bf27e95c56,2023-12-09T00:57:50Z,The ultimate time capsule,f8c4806ced924e6ea02cc82d8246c5c5,No
spotify:track:1mea3bSkSGXuIRvnydlB5b,Viva La Vida,Viva La Vida or Death and All His Friends,Coldplay,72633bdfdd634d77bb3cafcd68adc205,2023-12-08T21:39:01Z,Minecraft version better though,f8c4806ced924e6ea02cc82d8246c5c5,No
spotify:track:2TfSHkHiFO4gRztVIkggkE,"Sugar, We're Goin Down",From Under The Cork Tree,Fall Out Boy,8534b56c8c17416399e40867a55ee238,2023-12-11T18:55:49Z,the 2000s are for emo kids,f8c4806ced924e6ea02cc82d8246c5c5,No
spotify:track:34ccBqL3xNaCzPxr0UqoEw,Toxic,Rattlesnake!,A Static Lullaby,c6d1fb774afd43f8884c346433c7bce7,2023-12-09T10:58:01Z,,f8c4806ced924e6ea02cc82d8246c5c5,No
spotify:track:4NOZ35Dhucr6UlVyLOtktd,Dangerous,Not 4 Sale,"Kardinal Offishall, Akon",37ac29814b45431e8a7f8c5933f70f4c,2023-12-10T18:58:47Z,,f8c4806ced924e6ea02cc82d8246c5c5,No
spotify:track:5IVuqXILoxVWvWEPm82Jxr,Crazy In Love (feat. Jay-Z),Dangerously In Love,"Beyonc√©, JAY-Z",7d5ffc2a42d74f9db5fb492234eb38df,2023-12-11T15:53:07Z,,f8c4806ced924e6ea02cc82d8246c5c5,No
spotify:track:71V89tJj9CboDyzncO6ZN2,Stars Are Blind,Paris (U.S. Standard Version),Paris Hilton,f97267c5ec9f4532b3558606bec4cd1a,2023-12-08T21:26:20Z,"I know this is going to do bad, but there are layers to how 2000s this song is",f8c4806ced924e6ea02cc82d8246c5c5,No
spotify:track:7CnC3rG8KoZuzQ6AWxy6BP,All Star,Kidz Bop,Kidz Bop Kids,c03ea0ff06414a3db15c674e53c0dd67,2023-12-09T08:41:01Z,"I don't wanna hear no neigh saying, cause i owned this album as a kid",f8c4806ced924e6ea02cc82d8246c5c5,No
spotify:track:0B1zVsLqmV9ibIFdNS5tGs,I Saw the Light,Something / Anything?,Todd Rundgren,f97267c5ec9f4532b3558606bec4cd1a,2023-12-16T03:28:55Z,,f86258c1b299498b8beec2437ecb9761,No
spotify:track:0d28khcov6AiegSCpG5TuT,Feel Good Inc.,Demon Days,Gorillaz,cb2a0e8f95124d5b85d7d00def234564,2023-12-13T21:47:06Z,,f86258c1b299498b8beec2437ecb9761,No
spotify:track:0DIAvD0xcB0xzH3KOR7i2L,Whisper,Migrant Returned,The Dear Hunter,c6d1fb774afd43f8884c346433c7bce7,2023-12-13T21:48:55Z,,f86258c1b299498b8beec2437ecb9761,No
spotify:track:0VjIjW4GlUZAMYd2vXMi3b,Blinding Lights,After Hours,The Weeknd,9a95f4b3c9ff4cfa974ff7eba1160f04,2023-12-13T21:40:04Z,This is the most streamed song on spotify. Objectively the correct answer. ,f86258c1b299498b8beec2437ecb9761,Yes
spotify:track:1kKDVYavcoEH5N6R6ezM6T,Sam,The Ballad of Dood & Juanita,Sturgill Simpson,37ac29814b45431e8a7f8c5933f70f4c,2023-12-13T21:33:53Z,,f86258c1b299498b8beec2437ecb9761,No
spotify:track:24zde9Ff2MgsMBG5ocvgK8,BURN THE WITCH,Love Me Forever,Pinkshift,ded003ef081743dbb71c97bf27e95c56,2023-12-13T22:21:22Z,,f86258c1b299498b8beec2437ecb9761,No
spotify:track:3V9DfXLPjXVzD0o5wO7fRh,Lion's Teeth,The Sunset Tree,The Mountain Goats,8534b56c8c17416399e40867a55ee238,2023-12-16T15:26:50Z,,f86258c1b299498b8beec2437ecb9761,No
spotify:track:4TIJ7zSBNejpoIPaWpWRKc,Rebel Yell,Rebel Yell,Billy Idol,f16c8cb7c892491c997f8267e6adb822,2023-12-13T22:13:26Z,,f86258c1b299498b8beec2437ecb9761,No
spotify:track:5M3lcfDNGB4S0iDoP9ItcV,The Witch Queen of New Orleans,The Witch Queen of New Orleans (aka Message from a Drum) [Expanded Edition],Redbone,7d5ffc2a42d74f9db5fb492234eb38df,2023-12-15T04:05:20Z,,f86258c1b299498b8beec2437ecb9761,No
spotify:track:6R9j9XEisGCoIE8r8UtbiS,Last Ride of the Day,Imaginaerum,Nightwish,c03ea0ff06414a3db15c674e53c0dd67,2023-12-14T13:52:02Z,,f86258c1b299498b8beec2437ecb9761,No
spotify:track:77yGu0p7APK39lotu7CLk5,Think About Things,Think About Things,Da√∞i Freyr,72633bdfdd634d77bb3cafcd68adc205,2023-12-13T23:08:53Z,,f86258c1b299498b8beec2437ecb9761,No
spotify:track:0BnepvoveEw7fJIpuwdLT4,Happy New Year,Two Ribbons,Let's Eat Grandma,c6d1fb774afd43f8884c346433c7bce7,2023-12-18T20:06:34Z,,964d2ab8243747e79c307e765f0df84e,No
spotify:track:1bZ4yGp1VAofSgH5CmUiY0,"God Rest Ye Merry, Gentlemen - Rock Version",Christmas,Mannheim Steamroller,9a95f4b3c9ff4cfa974ff7eba1160f04,2023-12-18T22:29:32Z,,964d2ab8243747e79c307e765f0df84e,No
spotify:track:1P3322ab2h0Cf67HcjNk4s,I Feel It In My Bones,Don't Waste Your Wishes,"The Killers, Ryan Pardey",f16c8cb7c892491c997f8267e6adb822,2023-12-18T21:35:04Z,"""Get Your Mom Some Pie for Hanukah"" isn't on Spotify :(",964d2ab8243747e79c307e765f0df84e,Yes
spotify:track:2P950p6RQQxCROYYZGjcBr,The Christmas Shoes,Simply Newsong,Newsong,c03ea0ff06414a3db15c674e53c0dd67,2023-12-18T21:22:40Z,,964d2ab8243747e79c307e765f0df84e,No
spotify:track:3bMfUUpzUzqWp9II00yRhE,Christmas Time Is Here,Charlie Brown Holiday Hits,Vince Guaraldi Trio,7d5ffc2a42d74f9db5fb492234eb38df,2023-12-20T20:10:26Z,Snoopycore,964d2ab8243747e79c307e765f0df84e,Yes
spotify:track:3dvhNq0P4rNaFqmj21jKF5,Wizards in Winter - Instrumental,The Lost Christmas Eve,Trans-Siberian Orchestra,72633bdfdd634d77bb3cafcd68adc205,2023-12-18T22:33:05Z,"‚ùÑ    ‚ùÑ     ‚ùÑ
  ‚ùÑ   ‚ùÑ  ‚ùÑ
üßô‚Äç‚ôÇÔ∏è ‚ùÑüßô‚Äç‚ôÇÔ∏è ‚ùÑ",964d2ab8243747e79c307e765f0df84e,Yes
spotify:track:3sBnSBnzpEYKpJYGsAIbup,Christmas Eve / Sarajevo 12/24 - Instrumental,Christmas Eve and Other Stories,Trans-Siberian Orchestra,cb2a0e8f95124d5b85d7d00def234564,2023-12-18T20:25:05Z,,964d2ab8243747e79c307e765f0df84e,No
spotify:track:6cASEnba3ti0c2UdzYlx58,River,A Merry Little Christmas,Linda Ronstadt,f97267c5ec9f4532b3558606bec4cd1a,2023-12-18T20:14:57Z,Unfortunately Joni is no longer on spotify,964d2ab8243747e79c307e765f0df84e,Yes
spotify:track:7gfa6TiFiesmwQjUbIzv8c,Things I Want,Christmas Calling,"Tenacious D, Sum 41",ded003ef081743dbb71c97bf27e95c56,2023-12-18T19:57:38Z,,964d2ab8243747e79c307e765f0df84e,No
spotify:track:7pRSQnvUdQaEHQ6U57BKGG,The Ballad of the Christmas Donkey,Christmas with Ed Ames,Ed Ames,37ac29814b45431e8a7f8c5933f70f4c,2023-12-18T19:34:39Z,,964d2ab8243747e79c307e765f0df84e,No
spotify:track:7vQbuQcyTflfCIOu3Uzzya,Jingle Bell Rock,Jingle Bell Rock/Captain Santa Claus (And His Reindeer Space Patrol),Bobby Helms,8534b56c8c17416399e40867a55ee238,2023-12-21T19:45:14Z,,964d2ab8243747e79c307e765f0df84e,No
spotify:track:0pJTrMWCiR0TuJ5FApIqrz,Music To Walk Home By,Lonerism,Tame Impala,72633bdfdd634d77bb3cafcd68adc205,2023-12-26T05:30:25Z,patience is waiting for this song to start,cd053761a0a64a538a559bdce092ded8,No
spotify:track:0YveezON7jpiaHA8fnUHxN,Roundabout - 2003 Remaster,Fragile (Deluxe Edition),Yes,7d5ffc2a42d74f9db5fb492234eb38df,2023-12-26T05:54:28Z,"If you don't like the song, just imagine a Tool song instead.",cd053761a0a64a538a559bdce092ded8,Yes
spotify:track:1ncSAZD0bzvU3cu0uPLbWd,Midnight in Harlem,Revelator,Tedeschi Trucks Band,c6d1fb774afd43f8884c346433c7bce7,2023-12-25T01:39:10Z,,cd053761a0a64a538a559bdce092ded8,No
spotify:track:1Y6jbiLq9JLlzgmPo9mXGH,Echo (feat. Jonathan Mendelsohn),United We Are,"Hardwell, Jonathan Mendelsohn",9a95f4b3c9ff4cfa974ff7eba1160f04,2023-12-24T21:50:48Z,,cd053761a0a64a538a559bdce092ded8,No
spotify:track:2d6m2F4I7wCuAKtSsdhh83,Famous Last Words,The Black Parade,My Chemical Romance,8534b56c8c17416399e40867a55ee238,2023-12-26T16:48:12Z,:) ,cd053761a0a64a538a559bdce092ded8,Yes
spotify:track:3k2kIiJqUiIP49iUcOLpWT,The Place Where He Inserted the Blade,Ants From Up There,"Black Country, New Road",f97267c5ec9f4532b3558606bec4cd1a,2023-12-25T20:55:40Z,,cd053761a0a64a538a559bdce092ded8,No
spotify:track:3YRCqOhFifThpSRFJ1VWFM,November Rain,Use Your Illusion I,Guns N' Roses,ded003ef081743dbb71c97bf27e95c56,2023-12-26T05:52:54Z,,cd053761a0a64a538a559bdce092ded8,No
spotify:track:4LF1dMlOHe8VfmMut7YiIs,Transatlanticism,Transatlanticism (10th Anniversary Edition),Death Cab for Cutie,f16c8cb7c892491c997f8267e6adb822,2023-12-25T03:50:10Z,,cd053761a0a64a538a559bdce092ded8,No
spotify:track:5IWHEQVcwuUAVw4olVJcQs,Driving the Last Spike - 2007 Remaster,We Can't Dance (2007 Remaster),Genesis,37ac29814b45431e8a7f8c5933f70f4c,2023-12-26T18:19:01Z,,cd053761a0a64a538a559bdce092ded8,No
spotify:track:5jDZnw3Jvvpx1SFRmWnMlC,"Rusalka, Rusalka / Wild Rushes",I'll Be Your Girl,The Decemberists,c03ea0ff06414a3db15c674e53c0dd67,2023-12-26T03:38:28Z,,cd053761a0a64a538a559bdce092ded8,No
spotify:track:7vxtxgtlAecGklW2gomanZ,Flying Whales,From Mars to Sirius,Gojira,cb2a0e8f95124d5b85d7d00def234564,2023-12-26T06:46:02Z,,cd053761a0a64a538a559bdce092ded8,No
spotify:track:0bHD1nLe7Nhw55ZGJ92332,Bridge Burning,Wasting Light,Foo Fighters,9a95f4b3c9ff4cfa974ff7eba1160f04,2023-12-29T19:03:56Z,,891ee597d71b4309af969abdaa5993ee,No
spotify:track:1AKKVEylH3YPYm64MTzl7M,Joan of Arc,Reflektor,Arcade Fire,8534b56c8c17416399e40867a55ee238,2023-12-31T18:54:09Z,ignore the 30 seconds of silence at the end. i don't understand either,891ee597d71b4309af969abdaa5993ee,Yes
spotify:track:1ybACzVg8SO5GStv40b60o,Automatic Man,Bossa Nova Hotel,Michael Sembello,7d5ffc2a42d74f9db5fb492234eb38df,2023-12-29T19:41:50Z,,891ee597d71b4309af969abdaa5993ee,Yes
spotify:track:2xG5z727EUWc93weDeS6Vu,Too Much,Before the Waves,Magic Man,72633bdfdd634d77bb3cafcd68adc205,2023-12-31T05:13:58Z,give magic man a listen :),891ee597d71b4309af969abdaa5993ee,No
spotify:track:4aEgprS6F0i26HIeJudf8l,Julie,Julie,Pomplamoose,37ac29814b45431e8a7f8c5933f70f4c,2023-12-29T19:34:29Z,Eheesun Feaud üòçüòçüòç,891ee597d71b4309af969abdaa5993ee,Yes
spotify:track:4MmO631CdxuFOm18UVbhkp,Fun Tonight,CHAM!,Macross 82-99,ded003ef081743dbb71c97bf27e95c56,2023-12-30T16:04:32Z,,891ee597d71b4309af969abdaa5993ee,No
spotify:track:4prEPl61C8qZpeo3IkYSMl,Sleepyhead,Manners,Passion Pit,cb2a0e8f95124d5b85d7d00def234564,2023-12-29T20:55:57Z,,891ee597d71b4309af969abdaa5993ee,No
spotify:track:4Wj4lWEOijCiMnw2bBKG50,Up,Bigtop Burger: Original Soundtrack,Worthikids,c6d1fb774afd43f8884c346433c7bce7,2023-12-29T19:06:12Z,,891ee597d71b4309af969abdaa5993ee,No
spotify:track:5jkFvD4UJrmdoezzT1FRoP,Rasputin,Nightflight to Venus,Boney M.,c03ea0ff06414a3db15c674e53c0dd67,2023-12-31T02:14:00Z,,891ee597d71b4309af969abdaa5993ee,No
spotify:track:65HA9FsYyA2xro9RzNlNmy,Kickstart My Heart,Dr. Feelgood (Deluxe Version),M√∂tley Cr√ºe,f16c8cb7c892491c997f8267e6adb822,2023-12-29T19:19:54Z,,891ee597d71b4309af969abdaa5993ee,No
spotify:track:6x3nhpKla1YtHI3j3ONBtI,Anna,The Happiness Project,Charles Spearin,f97267c5ec9f4532b3558606bec4cd1a,2023-12-30T18:35:07Z,,891ee597d71b4309af969abdaa5993ee,No
spotify:track:0cWY6LW1NOIDlI3O6ha0yT,„Åï„Çì„ÅΩ „Äå„Å®„Å™„Çä„ÅÆ„Éà„Éà„É≠„Äç„Çà„Çä,„É™„É©„ÇØ„Ç∑„É≥„Ç∞„Éª„Éî„Ç¢„ÉéÔΩû„Éô„Çπ„Éà „Ç∏„Éñ„É™„Éª„Ç≥„É¨„ÇØ„Ç∑„Éß„É≥,Â∫ÉÊ©ãÁúüÁ¥ÄÂ≠ê,9a95f4b3c9ff4cfa974ff7eba1160f04,2024-01-04T00:53:48Z,ü§µ ü§µüíç üåà ‚ù§Ô∏è üéâ,25ba98fedd1d48f0abd0c54e4ae334f7,Yes
spotify:track:0pj90Ajg2NmdZalF67DfOF,Ride on Shooting Star,Flcl (Original Soundtrack),the pillows,cb2a0e8f95124d5b85d7d00def234564,2024-01-03T21:26:21Z,,25ba98fedd1d48f0abd0c54e4ae334f7,No
spotify:track:1kPpge9JDLpcj15qgrPbYX,Good Time,The Midsummer Station,"Owl City, Carly Rae Jepsen",8534b56c8c17416399e40867a55ee238,2024-01-05T19:07:22Z,,25ba98fedd1d48f0abd0c54e4ae334f7,No
spotify:track:1lhmgubpHo0AGAX7BCiO2a,Carry on Wayward Son,The Best Of Kansas,Kansas,c03ea0ff06414a3db15c674e53c0dd67,2024-01-04T01:19:10Z,,25ba98fedd1d48f0abd0c54e4ae334f7,No
spotify:track:1pEiXGwdGQcY6E3143M0dg,Be Prepared,Walt Disney Records The Legacy Collection: The Lion King,"Jeremy Irons, Whoopi Goldberg, Cheech Marin, Jim Cummings",37ac29814b45431e8a7f8c5933f70f4c,2024-01-04T21:55:49Z,,25ba98fedd1d48f0abd0c54e4ae334f7,No
spotify:track:2bLqfJjuC5syrsgDsZfGmn,The Way I Are,Shock Value,"Timbaland, Keri Hilson, D.O.E.",7d5ffc2a42d74f9db5fb492234eb38df,2024-01-03T21:27:27Z,,25ba98fedd1d48f0abd0c54e4ae334f7,No
spotify:track:2LELFaNglE9B5xlcmd4qtQ,Ding Dong Song - Radio Edit,Pleasure Man,G√ºnther,f97267c5ec9f4532b3558606bec4cd1a,2024-01-03T22:17:31Z,,25ba98fedd1d48f0abd0c54e4ae334f7,No
spotify:track:3pdHJCTk85ls2SGGXIJ7XH,Fall Back Down,Indestructible,Rancid,c6d1fb774afd43f8884c346433c7bce7,2024-01-04T20:11:08Z,,25ba98fedd1d48f0abd0c54e4ae334f7,No
spotify:track:3Y8Ff1nH44jFywAtpgmleZ,1979 - Remastered 2012,Mellon Collie And The Infinite Sadness (Remastered),The Smashing Pumpkins,f16c8cb7c892491c997f8267e6adb822,2024-01-04T01:23:00Z,,25ba98fedd1d48f0abd0c54e4ae334f7,No
spotify:track:7gUpO6td4OOnu0Lf9vhcIV,Lights - Single Version,Lights,Ellie Goulding,72633bdfdd634d77bb3cafcd68adc205,2024-01-04T23:54:57Z,Reminds me of SC2 and early Minecraft,25ba98fedd1d48f0abd0c54e4ae334f7,No
spotify:track:0MaM0yE9EdQEJwDfs6EAZ9,„Çø„Ç§„É†„Éª„É™„Éü„ÉÉ„Éà,CASIOPEA,CASIOPEA,ded003ef081743dbb71c97bf27e95c56,2024-01-09T01:43:57Z,,66056796c0f243bb8ebc38cd40fac443,No
spotify:track:1sgdIKAI4vXU4wgPxrVGyo,i get gender envy from shadow the hedgehog,goombacore: greatest hits (volumes 1-4),marshall4,f97267c5ec9f4532b3558606bec4cd1a,2024-01-08T22:25:40Z,,66056796c0f243bb8ebc38cd40fac443,No
spotify:track:23HiOySFOnPUXTJWnc5tAb,Ptolemy,Selected Ambient Works 85-92,Aphex Twin,7d5ffc2a42d74f9db5fb492234eb38df,2024-01-10T03:51:42Z,Bjork likes Aphex Twin and shes from the future,66056796c0f243bb8ebc38cd40fac443,No
spotify:track:2aozlm4HfRx8yRYL7RCoAH,world.execute (me) ;,Miracle Milk,Mili,c03ea0ff06414a3db15c674e53c0dd67,2024-01-08T21:05:55Z,,66056796c0f243bb8ebc38cd40fac443,No
spotify:track:2mkZcvlIfzgxEgEXuxxGLZ,For I Am the Light (and Mine is the Only Way),All Bitches Die,Lingua Ignota,37ac29814b45431e8a7f8c5933f70f4c,2024-01-09T02:25:10Z,,66056796c0f243bb8ebc38cd40fac443,No
spotify:track:2TvuR9sbolLCusuyNDrkcr,Space Olympics,Incredibad,The Lonely Island,f16c8cb7c892491c997f8267e6adb822,2024-01-09T01:05:24Z,,66056796c0f243bb8ebc38cd40fac443,No
spotify:track:2xXNLutYAOELYVObYb1C1S,As the World Caves In,As the World Caves In,Sarah Cothran,9a95f4b3c9ff4cfa974ff7eba1160f04,2024-01-08T16:27:27Z,,66056796c0f243bb8ebc38cd40fac443,No
spotify:track:3LEvqWwkTAZD29xXRNjWSk,"Glider - from ""Sable"" Original Video Game Soundtrack","Glider (from ""Sable"" Original Video Game Soundtrack)",Japanese Breakfast,cb2a0e8f95124d5b85d7d00def234564,2024-01-08T16:40:05Z,,66056796c0f243bb8ebc38cd40fac443,No
spotify:track:3pANfZVFdtuVnJsE6xa5Ox,Me and My Husband,Be the Cowboy,Mitski,8534b56c8c17416399e40867a55ee238,2024-01-10T02:09:09Z,,66056796c0f243bb8ebc38cd40fac443,No
spotify:track:4Wyu4dG5OfWyXEonor4f0b,fall,Galore,Oklou,72633bdfdd634d77bb3cafcd68adc205,2024-01-09T03:36:05Z,best opening act I've ever heard,66056796c0f243bb8ebc38cd40fac443,No
spotify:track:5fdiSSxvIsrCJ7sVkuhxnD,The Face of the Deep,Risk of Rain 2: Survivors of the Void,"Chris Christodoulou, Dimitris Tsakas",c6d1fb774afd43f8884c346433c7bce7,2024-01-09T07:32:50Z,,66056796c0f243bb8ebc38cd40fac443,No
spotify:track:0UREO3QWbXJW3gOUXpK1am,The Fresh Prince of Bel-Air,Greatest Hits,DJ Jazzy Jeff & The Fresh Prince,f16c8cb7c892491c997f8267e6adb822,2024-01-13T04:23:24Z,,54ef63c753d2429daae094347a434430,No
spotify:track:16nCYYc1lCxCyvaR1lgo0i,Could Have Been Me,Sing 2 (Original Motion Picture Soundtrack),Halsey,c03ea0ff06414a3db15c674e53c0dd67,2024-01-13T04:25:08Z,From Sing 2,54ef63c753d2429daae094347a434430,No
spotify:track:3Ler45VVrDEs6fdnssOzEz,Paradise (Stay Forever),Paradise Killer Original Soundtrack,"Epoch, Fiona Lynch",c6d1fb774afd43f8884c346433c7bce7,2024-01-16T00:02:40Z,"Some of the things I thought about submitting

https://open.spotify.com/playlist/1QnRVywHrDVekQtQuYDTtE?si=b288e839ad9545c1",54ef63c753d2429daae094347a434430,No
spotify:track:3qrEG6rQ9Qm72MNWeUKKiU,Wham Bam Shang-A-Lang,Silver,Silver,ded003ef081743dbb71c97bf27e95c56,2024-01-13T20:15:26Z,Guardians of the Galaxy 2,54ef63c753d2429daae094347a434430,No
spotify:track:3Y9hKhFyg5BrSS8dMU075B,A Huge Tree in the Tsukamori Forest,My Neighbor Totoro Soundtrack Collection,Joe Hisaishi,72633bdfdd634d77bb3cafcd68adc205,2024-01-16T04:39:53Z,,54ef63c753d2429daae094347a434430,No
spotify:track:48UDhM2xL9wUuYLfrpK2Jv,Stand Out,A Goofy Movie,Tevin Campbell,9a95f4b3c9ff4cfa974ff7eba1160f04,2024-01-13T10:50:22Z,,54ef63c753d2429daae094347a434430,No
spotify:track:5cgacDGTfR9sm4W03syTyX,Blood Upon the Snow,God of War Ragnar√∂k (Original Soundtrack),"Hozier, Bear McCreary",37ac29814b45431e8a7f8c5933f70f4c,2024-01-16T14:16:32Z,,54ef63c753d2429daae094347a434430,No
spotify:track:5XSU59wtE5CRCAEyHmmGy4,Stand By Me,Songs From Final Fantasy XV,Florence + The Machine,cb2a0e8f95124d5b85d7d00def234564,2024-01-16T15:47:25Z,,54ef63c753d2429daae094347a434430,No
spotify:track:6CpYgr1lWHTmPHhNzMIQnW,Miserlou,King of the Surf Guitar,Dick Dale,7d5ffc2a42d74f9db5fb492234eb38df,2024-01-16T18:13:18Z,,54ef63c753d2429daae094347a434430,No
spotify:track:7Bk3p8UqcP4sItaWNWbvXL,Laura Palmer's Theme - Instrumental,Soundtrack From Twin Peaks,Angelo Badalamenti,f97267c5ec9f4532b3558606bec4cd1a,2024-01-14T21:34:24Z,,54ef63c753d2429daae094347a434430,No
spotify:track:7uIyzCZKGk9K2EXnb3BtrR,Mantis Lords,Hollow Knight (Original Soundtrack),Christopher Larkin,8534b56c8c17416399e40867a55ee238,2024-01-16T17:51:48Z,hollow knight time,54ef63c753d2429daae094347a434430,Yes
spotify:track:095t81N10yU8WYZGM6DAC6,Pink Sand,Chip Heat,EX-LYD,c6d1fb774afd43f8884c346433c7bce7,2024-01-20T17:33:45Z,,e319f59aada447b88289e7c0746b2c9e,No
spotify:track:0aBybME4bts4zT7qhCILv5,ÊÑâÂø´„Å™Â¢ìÂ†¥„Åß„Åî„Åç„Åí„Çì„Çà„ÅÜ,B-Sides & Rarities,ÊöÅRecords,c03ea0ff06414a3db15c674e53c0dd67,2024-01-20T23:55:51Z,,e319f59aada447b88289e7c0746b2c9e,No
spotify:track:0thLhIqWsqqycEqFONOyhu,Lone Digger,<|¬∫_¬∫|>,Caravan Palace,72633bdfdd634d77bb3cafcd68adc205,2024-01-21T00:02:46Z,,e319f59aada447b88289e7c0746b2c9e,No
spotify:track:1t0cVl9nW6zkUeow0RCLqA,Gyrate (ft. Wreckno),Gyrate (ft. Wreckno),"Rezz, Quackson, Wreckno",8af08f436eb44be5b2774ae28cad9d62,2024-01-23T00:10:27Z,,e319f59aada447b88289e7c0746b2c9e,No
spotify:track:2He3NOyqtLNE3RQPpeDdSb,Groove Is in the Heart,World Clique,Deee-Lite,f16c8cb7c892491c997f8267e6adb822,2024-01-21T02:51:22Z,,e319f59aada447b88289e7c0746b2c9e,No
spotify:track:2PpruBYCo4H7WOBJ7Q2EwM,Hey Ya!,Speakerboxxx/The Love Below,Outkast,cb2a0e8f95124d5b85d7d00def234564,2024-01-22T02:00:18Z,,e319f59aada447b88289e7c0746b2c9e,No
spotify:track:3koCCeSaVUyrRo3N2gHrd8,Let's Groove,Raise!,"Earth, Wind & Fire",7d5ffc2a42d74f9db5fb492234eb38df,2024-01-23T03:27:33Z,,e319f59aada447b88289e7c0746b2c9e,No
spotify:track:4CYTfh7ET2QCbW16dWf5m6,Believer - Hardstyle Remix,Believer (Hardstyle Remix),"The FifthGuys, Shiah Maisel, DARE",9a95f4b3c9ff4cfa974ff7eba1160f04,2024-01-21T23:44:56Z,,e319f59aada447b88289e7c0746b2c9e,No
spotify:track:6FdShjf7nA2cqEnpv1tIia,Make A Wish (Birthday Song),NCT RESONANCE Pt. 1 - The 2nd Album,NCT U,37ac29814b45431e8a7f8c5933f70f4c,2024-01-20T15:47:32Z,,e319f59aada447b88289e7c0746b2c9e,No
spotify:track:6foEtRSMQK5RN94jmifNsW,I Can Make It Better,Imagination,The Whispers,ded003ef081743dbb71c97bf27e95c56,2024-01-22T21:52:57Z,,e319f59aada447b88289e7c0746b2c9e,No
spotify:track:6WdOG81qCL2kNRHCufwFUH,Starships,Starships,Lil Texas,f97267c5ec9f4532b3558606bec4cd1a,2024-01-22T16:04:43Z,Trust the evil laugh. I recommend dropping your volume a lil,e319f59aada447b88289e7c0746b2c9e,Yes
spotify:track:6Xe9wT5xeZETPwtaP2ynUz,Levels - Original Version,Levels,Avicii,34b25d7e77ca4a9094f5be4824179bc8,2024-01-20T15:04:47Z,,e319f59aada447b88289e7c0746b2c9e,No
spotify:track:7Dgt0TvvmEnKMRBoU8GF3C,Terrible Things,Bangs,Brick + Mortar,8534b56c8c17416399e40867a55ee238,2024-01-23T19:46:21Z,,e319f59aada447b88289e7c0746b2c9e,No
spotify:track:0JUWF44gfMszGNhjCF7Ufs,Midnight Pretenders,ÊµÆÈÅäÁ©∫Èñì,Tomoko Aran,ded003ef081743dbb71c97bf27e95c56,2024-01-27T22:39:21Z,,afbe973d3f124f569e209a32a4002422,No
spotify:track:11VwZwNF29HrqwalYUMitb,Pale Blue Eyes,The Velvet Underground (45th Anniversary),The Velvet Underground,f16c8cb7c892491c997f8267e6adb822,2024-01-28T00:29:45Z,,afbe973d3f124f569e209a32a4002422,No
spotify:track:2aDi7Lxx2z76E1K6CupJzw,The Sore Feet Song,Calling Out To You,Ally Kerr,34b25d7e77ca4a9094f5be4824179bc8,2024-01-27T22:14:48Z,Anime opening from a lovely show,afbe973d3f124f569e209a32a4002422,No
spotify:track:2DQlQcYponGtEwvEHRHYvu,Peacock Tail,The Campfire Headphase,Boards of Canada,f97267c5ec9f4532b3558606bec4cd1a,2024-01-29T20:09:32Z,,afbe973d3f124f569e209a32a4002422,No
spotify:track:2hgWlAUb0c44QsxiyGC6ZX,Propeller Seeds - Instrumental,Sparks (Deluxe Version),Imogen Heap,37ac29814b45431e8a7f8c5933f70f4c,2024-01-29T20:17:41Z,,afbe973d3f124f569e209a32a4002422,No
spotify:track:2hRcfMW3DoDxo8uNdWVcEv,thinking about u (jk),gay story,In Love With a Ghost,8534b56c8c17416399e40867a55ee238,2024-01-30T19:42:36Z,,afbe973d3f124f569e209a32a4002422,No
spotify:track:4sUTagdmyuyAxd7RvbygpQ,aruarian dance,samurai champloo music record departure,Nujabes,cb2a0e8f95124d5b85d7d00def234564,2024-01-28T17:02:15Z,,afbe973d3f124f569e209a32a4002422,No
spotify:track:57iDDD9N9tTWe75x6qhStw,Bitter Sweet Symphony - Remastered 2016,Urban Hymns (Remastered 2016),The Verve,72633bdfdd634d77bb3cafcd68adc205,2024-01-30T04:04:01Z,i just like the slower energy,afbe973d3f124f569e209a32a4002422,No
spotify:track:6upxd6jxksT37UfCWa9LBB,Corcovado (Quiet Nights Of Quiet Stars),Caf√© Brazil: A Guide Through the New Sounds of Bossa Nova,Karen Souza,c6d1fb774afd43f8884c346433c7bce7,2024-01-28T02:54:00Z,,afbe973d3f124f569e209a32a4002422,No
spotify:track:7MDGp4UEjsMxCnASVy8J7O,"Futurama Main Theme - From ""Futurama""/C. Tyng Extended Version","Futurama Main Theme (From ""Futurama"")",Christopher Tyng,9a95f4b3c9ff4cfa974ff7eba1160f04,2024-01-27T20:34:39Z,,afbe973d3f124f569e209a32a4002422,No
spotify:track:7ubd6wvhN4TKMwQUy6hR69,Ladyfingers,Whipped Cream & Other Delights,Herb Alpert & The Tijuana Brass,c03ea0ff06414a3db15c674e53c0dd67,2024-01-30T19:44:39Z,,afbe973d3f124f569e209a32a4002422,No
spotify:track:7v9Q0dAb9t7h8gJOkcJHay,Face to Face,Discovery,Daft Punk,7d5ffc2a42d74f9db5fb492234eb38df,2024-01-30T17:10:51Z,I'd listen to the discovery album off my flip phone when going to sleep,afbe973d3f124f569e209a32a4002422,Yes
spotify:track:0dJy8Wq47cxQ5n3OhmWP8J,Need,Everything So Far,Pinegrove,f97267c5ec9f4532b3558606bec4cd1a,2024-02-05T20:37:31Z,Speed running an existential crisis,6d2baa81d4b04a59847b7591e43b6162,Yes
spotify:track:0iuODJMsGCniB3vOysxqaj,Expensive Taste,McFly,"gum.mp3, benchday",7d5ffc2a42d74f9db5fb492234eb38df,2024-02-05T14:06:04Z,,6d2baa81d4b04a59847b7591e43b6162,Yes
spotify:track:1000nHvUdawXuUHgBod4Wv,Panini,Panini,Lil Nas X,72633bdfdd634d77bb3cafcd68adc205,2024-02-06T04:49:03Z,,6d2baa81d4b04a59847b7591e43b6162,No
spotify:track:12tLo4zslkJEgl8xXlawbI,Rex Incognito,Genshin Impact - The Stellar Moments (Original Game Soundtrack),"Yu-Peng Chen, HOYO-MiX",34b25d7e77ca4a9094f5be4824179bc8,2024-02-04T22:20:18Z,,6d2baa81d4b04a59847b7591e43b6162,No
spotify:track:1lySGuhlcZUJxLA5W5Bo7k,HAWATARI NIOKU CENTI [2-hundred-million-centimeter-long blades] - TV edit,HAWATARI NIOKU CENTI [2-hundred-million-centimeter-long blades] (TV edit),MAXIMUM THE HORMONE,cb2a0e8f95124d5b85d7d00def234564,2024-02-03T22:28:02Z,,6d2baa81d4b04a59847b7591e43b6162,No
spotify:track:21Qsj3cMVCx2xF2EVVNbEu,Fell In Love With a Girl,White Blood Cells,The White Stripes,f16c8cb7c892491c997f8267e6adb822,2024-02-03T23:10:49Z,runner up : washington dc by the magnetic zeroes ,6d2baa81d4b04a59847b7591e43b6162,No
spotify:track:2GBjsCkCpR5w8Zri9aE49H,Interlude: I'm Not Angry Anymore,Paramore,Paramore,8534b56c8c17416399e40867a55ee238,2024-02-06T19:36:22Z,,6d2baa81d4b04a59847b7591e43b6162,No
spotify:track:2QpGZOhTCHHiKmpSO9FW4h,Follow God,JESUS IS KING,Kanye West,37ac29814b45431e8a7f8c5933f70f4c,2024-02-03T22:54:34Z,,6d2baa81d4b04a59847b7591e43b6162,No
spotify:track:2rrq3SGYxk90xLx5fMmPhZ,I Must Apologise,to hell with it,PinkPantheress,ded003ef081743dbb71c97bf27e95c56,2024-02-05T04:24:05Z,Most of this album is songs under two minutes :),6d2baa81d4b04a59847b7591e43b6162,No
spotify:track:5EwRVuWJpNNMYM4UkT561o,Misery Moon,Duality,Luna Li,c6d1fb774afd43f8884c346433c7bce7,2024-02-03T22:25:02Z,,6d2baa81d4b04a59847b7591e43b6162,No
spotify:track:5ln5yQdUywVbf8HhFsOcd6,Walls Could Talk,hopeless fountain kingdom (Deluxe),Halsey,9a95f4b3c9ff4cfa974ff7eba1160f04,2024-02-03T22:30:22Z,,6d2baa81d4b04a59847b7591e43b6162,No
spotify:track:5q3U3cXNtPvbBZAL2bKmbO,The Gates,Brontosaurus,Da Vinci's Notebook,c03ea0ff06414a3db15c674e53c0dd67,2024-02-04T21:55:08Z,,6d2baa81d4b04a59847b7591e43b6162,No
spotify:track:0EHR9OObFtjlhQB8wSt1m7,Mrs. Officer,Tha Carter III,"Lil Wayne, Bobby V., Kidd Kidd",f97267c5ec9f4532b3558606bec4cd1a,2024-02-11T16:22:18Z,The fact he sang this to Kamala never leaves my head,2c5f4c22b796493392a834983f00d4d2,Yes
spotify:track:0QlOkt8nkZ8zqu8xb2SHU8,Not Fair,Not Fair,"Niklas Dee, Old Jim, Enny-Mae",9a95f4b3c9ff4cfa974ff7eba1160f04,2024-02-12T22:31:24Z,,2c5f4c22b796493392a834983f00d4d2,No
spotify:track:0R4EcD2e5m9wsMmWVVbBOc,I've No More Fucks To Give,I've No More Fucks To Give,"Thomas Benjamin Wild Esq, Damian Clark",cb2a0e8f95124d5b85d7d00def234564,2024-02-10T22:05:58Z,,2c5f4c22b796493392a834983f00d4d2,No
spotify:track:14fYGwiUesr42cs3PlV5c2,My Computer Just Became Self Aware,The Story of Our Times,Trevor Moore,8af08f436eb44be5b2774ae28cad9d62,2024-02-12T22:10:51Z,Music Video: https://www.youtube.com/watch?v=sPzJjNQaYEA,2c5f4c22b796493392a834983f00d4d2,Yes
spotify:track:1jzIJcHCXneHw7ojC6LXiF,Potato Salad,Potato Salad,"Tyler, The Creator, A$AP Rocky",ded003ef081743dbb71c97bf27e95c56,2024-02-12T02:32:29Z,,2c5f4c22b796493392a834983f00d4d2,No
spotify:track:1KrpXYLMCJ8GaDSz61FQNU,Re: Your Brains,Thing a Week Two,Jonathan Coulton,c03ea0ff06414a3db15c674e53c0dd67,2024-02-13T02:52:30Z,,2c5f4c22b796493392a834983f00d4d2,No
spotify:track:1ShAVm7yacVov9jHpxvazy,Eat Your Salad,Eat Your Salad,Citi Zƒìni,34b25d7e77ca4a9094f5be4824179bc8,2024-02-11T00:24:07Z,Latvia Eurovision 2022,2c5f4c22b796493392a834983f00d4d2,No
spotify:track:2MX7KX78uxMwkeeDyk6CR1,Deer In The Headlights,All Things Bright And Beautiful,Owl City,72633bdfdd634d77bb3cafcd68adc205,2024-02-10T22:09:20Z,,2c5f4c22b796493392a834983f00d4d2,No
spotify:track:2Q5wSOwq6BDSu7sSVMNrtT,Rock Lobster,The B-52's,The B-52's,7d5ffc2a42d74f9db5fb492234eb38df,2024-02-12T22:05:21Z,It's also just good new wave surf rock,2c5f4c22b796493392a834983f00d4d2,Yes
spotify:track:2r0vXSCKLg3W4fPmeorXbY,Five Years,THE INSIDE OUTTAKES,Bo Burnham,f16c8cb7c892491c997f8267e6adb822,2024-02-11T04:40:50Z,,2c5f4c22b796493392a834983f00d4d2,No
spotify:track:2xoADhNgQoRRls6lNCaIYd,Parked out by the Lake,Parked out by the Lake,Dean Summerwind,37ac29814b45431e8a7f8c5933f70f4c,2024-02-12T22:55:40Z,,2c5f4c22b796493392a834983f00d4d2,No
spotify:track:5awFb8raCGd80Ba3D5GNnj,Big Breakfast,Artificial Intelligence,Tom Cardy,c6d1fb774afd43f8884c346433c7bce7,2024-02-10T22:07:54Z,,2c5f4c22b796493392a834983f00d4d2,No
spotify:track:6yOeP45D6bNbtQgD3ssQfL,Frog On The Floor,"10,000 gecs",100 gecs,8534b56c8c17416399e40867a55ee238,2024-02-13T02:41:50Z,üëâüëâ üê∏ frog üê∏ on da floor‚ùó‚ùó‚ùó‚ùó‚ùó‚ùó ,2c5f4c22b796493392a834983f00d4d2,Yes
spotify:track:0kdqcbwei4MDWFEX5f33yG,Bling-Bang-Bang-Born,Bling-Bang-Bang-Born,Creepy Nuts,cb2a0e8f95124d5b85d7d00def234564,2024-02-20T07:26:57Z,,8915d420942442cd894563754ec9c418,No
spotify:track:19kHhX6f6EfLU7rcO3RqjO,Back On 74,Volcano,Jungle,7d5ffc2a42d74f9db5fb492234eb38df,2024-02-19T20:21:04Z,,8915d420942442cd894563754ec9c418,No
spotify:track:1k2pQc5i348DCHwbn5KTdc,Pink Pony Club,The Rise and Fall of a Midwest Princess,Chappell Roan,37ac29814b45431e8a7f8c5933f70f4c,2024-02-17T19:38:10Z,,8915d420942442cd894563754ec9c418,No
spotify:track:1Lo0QY9cvc8sUB2vnIOxDT,Fast Car,Gettin' Old,Luke Combs,c03ea0ff06414a3db15c674e53c0dd67,2024-02-20T02:56:52Z,,8915d420942442cd894563754ec9c418,No
spotify:track:1zfRuW3HBqUgtRxu3kAIbr,98 Pontiac Sunfire,98 Pontiac Sunfire,Waylon Napadogan,8534b56c8c17416399e40867a55ee238,2024-02-20T19:47:33Z,the lyrics are important,8915d420942442cd894563754ec9c418,Yes
spotify:track:2AVYRVgHgIhRPs8a1d4ynL,ARMY OF ME,GODMODE,In This Moment,9a95f4b3c9ff4cfa974ff7eba1160f04,2024-02-17T20:37:37Z,,8915d420942442cd894563754ec9c418,No
spotify:track:4FXaMbgy45P9xMRUcu72QA,It‚Äôs a Family Movie She Hates Her Dad,Why Would I Watch,Hot Mulligan,c6d1fb774afd43f8884c346433c7bce7,2024-02-17T23:27:07Z,,8915d420942442cd894563754ec9c418,No
spotify:track:5bB9UvmIHX2qWWaCQhDdlD,Lethal,Hearth Room,Frost Children,f97267c5ec9f4532b3558606bec4cd1a,2024-02-19T20:19:46Z,,8915d420942442cd894563754ec9c418,No
spotify:track:5RX8T3EoTuXcybAxe6oPAw,Cha Cha Cha,Cha Cha Cha,K√§√§rij√§,34b25d7e77ca4a9094f5be4824179bc8,2024-02-20T01:44:46Z,,8915d420942442cd894563754ec9c418,No
spotify:track:62tGzw9OJOwDcjPBnMPCuj,No More Lies,No More Lies,"Thundercat, Tame Impala",ded003ef081743dbb71c97bf27e95c56,2024-02-18T00:16:13Z,,8915d420942442cd894563754ec9c418,No
spotify:track:6pP7muebYMLT46IOZOLvyN,Tiny Moves,Tiny Moves,Bleachers,f16c8cb7c892491c997f8267e6adb822,2024-02-17T19:27:27Z,,8915d420942442cd894563754ec9c418,No
spotify:track:7FbrGaHYVDmfr7KoLIZnQ7,Cupid - Twin Ver.,The Beginning: Cupid,FIFTY FIFTY,72633bdfdd634d77bb3cafcd68adc205,2024-02-20T02:35:18Z,,8915d420942442cd894563754ec9c418,No
spotify:track:7xECXYdR73ljEj4Y9zL23x,The Past Keeps Knockin' On My Door,The Past Keeps Knockin' On My Door,Juke the Tiger,8af08f436eb44be5b2774ae28cad9d62,2024-02-20T01:13:29Z,This was made by one of my best friends from elementary school.,8915d420942442cd894563754ec9c418,Yes
spotify:track:0cc6vT6QJA8e39CiCGmA8B,Song of the Vikings (My Mother Told Me),Distant Shores,Perly I Lotry,37ac29814b45431e8a7f8c5933f70f4c,2024-02-26T15:08:26Z,,9207d9207bc74ab0aa9fffc8344e21b7,No
spotify:track:0LtOwyZoSNZKJWHqjzADpW,Feels Like We Only Go Backwards,Lonerism,Tame Impala,ded003ef081743dbb71c97bf27e95c56,2024-02-26T17:58:24Z,,9207d9207bc74ab0aa9fffc8344e21b7,No
spotify:track:1BwhFXqoIsePt21WyWIttb,I Wanna Get Better,Strange Desire,Bleachers,8534b56c8c17416399e40867a55ee238,2024-02-27T19:40:05Z,singing along helped me keep believing I did want to get better :) ,9207d9207bc74ab0aa9fffc8344e21b7,Yes
spotify:track:2BY7ALEWdloFHgQZG6VMLA,Brandy (You're a Fine Girl),Looking Glass,Looking Glass,f16c8cb7c892491c997f8267e6adb822,2024-02-24T21:05:10Z,,9207d9207bc74ab0aa9fffc8344e21b7,No
spotify:track:2l89rNT4caFMchDAd40MW0,Chemical Angel,x Infinity,Watsky,8af08f436eb44be5b2774ae28cad9d62,2024-02-26T18:08:18Z,,9207d9207bc74ab0aa9fffc8344e21b7,No
spotify:track:4j1OTpSF5ejqYPKwqHvlzM,Drunk II,Patience,Mannequin Pussy,f97267c5ec9f4532b3558606bec4cd1a,2024-02-26T21:09:23Z,,9207d9207bc74ab0aa9fffc8344e21b7,No
spotify:track:507bYMYfbm6sUS9iEAaeSd,Broken,Disclaimer II,"Seether, Amy Lee",9a95f4b3c9ff4cfa974ff7eba1160f04,2024-02-26T22:37:02Z,,9207d9207bc74ab0aa9fffc8344e21b7,No
spotify:track:5vlEg2fT4cFWAqU5QptIpQ,Replay,Replay,Iyaz,34b25d7e77ca4a9094f5be4824179bc8,2024-02-26T17:58:58Z,,9207d9207bc74ab0aa9fffc8344e21b7,No
spotify:track:6eHuj3HhZ4jS9nyNVV03ET,Always Look On The Bright Side Of Life - The Unofficial England Football Anthem,Always Look On The Bright Side Of Life (The Unofficial England Football Anthem),Monty Python,cb2a0e8f95124d5b85d7d00def234564,2024-02-25T15:32:44Z,,9207d9207bc74ab0aa9fffc8344e21b7,No
spotify:track:6FH7jNKYCdfYWBymtIrFT8,Gennifer Flowers,Gennifer Flowers,Fever Dolls,c6d1fb774afd43f8884c346433c7bce7,2024-02-27T16:04:30Z,,9207d9207bc74ab0aa9fffc8344e21b7,No
spotify:track:6TfBA04WJ3X1d1wXhaCFVT,"You're Gonna Go Far, Kid","Rise And Fall, Rage And Grace",The Offspring,72633bdfdd634d77bb3cafcd68adc205,2024-02-27T05:39:08Z,,9207d9207bc74ab0aa9fffc8344e21b7,No
spotify:track:70C4NyhjD5OZUMzvWZ3njJ,Piano Man,Piano Man (Legacy Edition),Billy Joel,c03ea0ff06414a3db15c674e53c0dd67,2024-02-27T01:35:52Z,playlist of contenders https://open.spotify.com/playlist/72KFsyX3o6AQUeJ0BEovCl?si=094e937c97184359,9207d9207bc74ab0aa9fffc8344e21b7,No
spotify:track:7zg4CSaXxLCCdIGeZ8JFjZ,The Sun Goes Down (Living It Up),Standing In The Light,Level 42,7d5ffc2a42d74f9db5fb492234eb38df,2024-02-27T19:44:59Z,,9207d9207bc74ab0aa9fffc8344e21b7,No
spotify:track:0fvExoa592tVMT9klh2Rm0,IDK If I'm a Boy,I'll Teach You Every Move I Know,Blue Foster,c6d1fb774afd43f8884c346433c7bce7,2024-03-03T00:27:37Z,,208e1a6393704dbdb1273e6b939863f8,No
spotify:track:0nCZDQrlWA149QdGTdlsFU,One Day,Light,Matisyahu,72633bdfdd634d77bb3cafcd68adc205,2024-03-08T15:00:09Z,,208e1a6393704dbdb1273e6b939863f8,No
spotify:track:0oxYB9GoOIDrdzniNdKC44,When the Sun Hits,Souvlaki,Slowdive,f97267c5ec9f4532b3558606bec4cd1a,2024-03-04T04:28:00Z,Souvlaki is a goated album ,208e1a6393704dbdb1273e6b939863f8,Yes
spotify:track:1k1Bqnv2R0uJXQN4u6LKYt,Ain't No Sunshine,Just As I Am,Bill Withers,7d5ffc2a42d74f9db5fb492234eb38df,2024-03-04T05:56:52Z,,208e1a6393704dbdb1273e6b939863f8,No
spotify:track:1MhQrrQjPRL8o6m18viaZ1,The Rest Is Noise,In Colour,Jamie xx,8af08f436eb44be5b2774ae28cad9d62,2024-03-09T04:37:30Z,"Too many options. 
https://music.youtube.com/playlist?list=PLtwiN3R4Z3Jv0V4NOCDFws6pckiB_6fXY&si=z93VYI4FgNFtl5nF",208e1a6393704dbdb1273e6b939863f8,Yes
spotify:track:2N8PYzWvirAUrdKBay7h8s,Deuteronomy 2:10,The Life of the World to Come,The Mountain Goats,f16c8cb7c892491c997f8267e6adb822,2024-03-05T03:12:34Z,"if you don't cry, you're a monster",208e1a6393704dbdb1273e6b939863f8,No
spotify:track:2QVmiA93GVhWNTWQctyY1K,Outro,"Hurry Up, We're Dreaming",M83,cb2a0e8f95124d5b85d7d00def234564,2024-03-03T17:50:57Z,,208e1a6393704dbdb1273e6b939863f8,No
spotify:track:3as324lcN486uiE7m0QkUC,Cloud Atlas End Title,Cloud Atlas (Original Motion Picture Soundtrack),"Tom Tykwer, Johnny Klimek, Reinhold Heil, Gene Pritsker",c03ea0ff06414a3db15c674e53c0dd67,2024-03-10T07:26:28Z,,208e1a6393704dbdb1273e6b939863f8,No
spotify:track:4AEr9IOqugNvCYXQ5WwUzg,Don't Go Outside,I Disagree,Poppy,ded003ef081743dbb71c97bf27e95c56,2024-03-03T16:24:22Z,This one goes out to Will.,208e1a6393704dbdb1273e6b939863f8,No
spotify:track:4OhqsmPMreC0EFCo3OmDSm,"10,000 Days (Wings Pt 2)","10,000 Days",TOOL,9a95f4b3c9ff4cfa974ff7eba1160f04,2024-03-02T18:48:04Z,,208e1a6393704dbdb1273e6b939863f8,No
spotify:track:4Vs2i8GdP5s7vd8vfSRcDk,Phoenix,How Long Do You Think It's Gonna Last?,"Big Red Machine, Fleet Foxes, Ana√Øs Mitchell",37ac29814b45431e8a7f8c5933f70f4c,2024-03-03T16:28:34Z,,208e1a6393704dbdb1273e6b939863f8,No
spotify:track:6Qyc6fS4DsZjB2mRW9DsQs,Iris,Dizzy up the Girl,The Goo Goo Dolls,34b25d7e77ca4a9094f5be4824179bc8,2024-03-07T03:23:46Z,,208e1a6393704dbdb1273e6b939863f8,No
spotify:track:084uiDZmtkJSB7r1KtTuZX,Brumm Brumm,Im Stream der Zeit,"Yukno, Oehl, Autodrom",34b25d7e77ca4a9094f5be4824179bc8,2024-03-17T00:05:32Z,,3f380cce484e49ab8f04661544d3d1fc,No
spotify:track:30qQIKaWcWn5U5h724YDDv,Mahlalela,The Chisa Years 1965-1975 (Rare and Unreleased),"Letta Mbulu, Hugh Masekela",7d5ffc2a42d74f9db5fb492234eb38df,2024-03-20T16:46:38Z,,3f380cce484e49ab8f04661544d3d1fc,No
spotify:track:3GVaqjWk7h6S3Eyqc1riaH,Yellow Cowboy Hat,Yellow Cowboy Hat,Grace Womack,37ac29814b45431e8a7f8c5933f70f4c,2024-03-18T17:20:05Z,,3f380cce484e49ab8f04661544d3d1fc,No
spotify:track:3jKlmTVS7ym2axSs9OEcrT,Daddy,Erotic Probiotic 2,Nourished by Time,f97267c5ec9f4532b3558606bec4cd1a,2024-03-18T20:19:03Z,Baltimore native!,3f380cce484e49ab8f04661544d3d1fc,Yes
spotify:track:3Zc7mk4igE5ZI5GTsjIBeS,FIGURE IN THE BACKGROUND,FIGURE IN THE BACKGROUND,SNAKE POOL,8534b56c8c17416399e40867a55ee238,2024-03-20T03:28:41Z,,3f380cce484e49ab8f04661544d3d1fc,No
spotify:track:4AwUNpZYBrebj5zE4GEBBU,Warm in the Shadows,Expressions,Music Go Music,f16c8cb7c892491c997f8267e6adb822,2024-03-18T03:48:33Z,,3f380cce484e49ab8f04661544d3d1fc,No
spotify:track:4lrxE8L7ZLL3Sfe8frZq2b,Your Love (Keeps Me Hangin' On),Ulterior Motifs,Jerry Galeries,72633bdfdd634d77bb3cafcd68adc205,2024-03-19T20:51:40Z,,3f380cce484e49ab8f04661544d3d1fc,No
spotify:track:5aJmSzmuhLI6fr1Rm0EnkS,fineshrine,shrines,Purity Ring,8af08f436eb44be5b2774ae28cad9d62,2024-03-19T18:33:49Z,,3f380cce484e49ab8f04661544d3d1fc,Yes
spotify:track:5ig9P3W7ve7979HjfS2UNA,Melting Vibes,Melting Vibes,The Mellowells,c6d1fb774afd43f8884c346433c7bce7,2024-03-16T19:52:18Z,This is the most likely to have been heard before song I could have chosen.,3f380cce484e49ab8f04661544d3d1fc,Yes
spotify:track:5Oco9lNymb1oOj77as8E1M,Death By Perfection,Echo,Maia Sharp,c03ea0ff06414a3db15c674e53c0dd67,2024-03-20T00:32:43Z,,3f380cce484e49ab8f04661544d3d1fc,No
spotify:track:5w0jXRvylCbWxFrJx2H1Fl,Do You Call My Name,From One,Ra,9a95f4b3c9ff4cfa974ff7eba1160f04,2024-03-16T20:39:19Z,,3f380cce484e49ab8f04661544d3d1fc,No
spotify:track:6GoLARmR2OZl2EldehFrsA,Immaterial,OIL OF EVERY PEARL'S UN-INSIDES,SOPHIE,cb2a0e8f95124d5b85d7d00def234564,2024-03-19T20:03:10Z,,3f380cce484e49ab8f04661544d3d1fc,No
spotify:track:6WrpjvK0YXAts1Tvqxhh77,MarunouchiSadistic,Love & Groove Delivery,UNCHAIN,ded003ef081743dbb71c97bf27e95c56,2024-03-20T04:26:02Z,,3f380cce484e49ab8f04661544d3d1fc,No
spotify:track:0Puj4YlTm6xNzDDADXHMI9,Sabotage,Ill Communication,Beastie Boys,8534b56c8c17416399e40867a55ee238,2024-03-29T00:56:18Z,,aef61bffbdd14be980e83b4795c3a480,No
spotify:track:1nCyd4Wxa9ZSolNvnRsfQt,"Turandot, Act III: Nessun dorma!",Ti Amo - Puccini's greatest love songs,"Giacomo Puccini, Luciano Pavarotti, John Alldis Choir, Wandsworth School Boys Choir, London Philharmonic Orchestra, Zubin Mehta",cb2a0e8f95124d5b85d7d00def234564,2024-03-24T19:27:46Z,,aef61bffbdd14be980e83b4795c3a480,No
spotify:track:1uiWqD2fhpVK7BpTepngcU,Ave Maria Mater Dei,I Sing the Birth,"William Cornysh, New York Polyphony",37ac29814b45431e8a7f8c5933f70f4c,2024-03-25T13:05:59Z,,aef61bffbdd14be980e83b4795c3a480,No
spotify:track:1WDd3HuCSwLWrvIytIhhDp,One and Only,I'll Do My Best,The Ritchie Family,ded003ef081743dbb71c97bf27e95c56,2024-03-27T14:11:55Z,,aef61bffbdd14be980e83b4795c3a480,No
spotify:track:39qYD4J4BKvZMQgxfXl5bv,Eye In The Sky,Eye In The Sky (Expanded Edition),The Alan Parsons Project,8af08f436eb44be5b2774ae28cad9d62,2024-03-24T19:09:07Z,,aef61bffbdd14be980e83b4795c3a480,Yes
spotify:track:3zBhihYUHBmGd2bcQIobrF,(Sittin' On) the Dock of the Bay,The Dock of the Bay (Mono),Otis Redding,f16c8cb7c892491c997f8267e6adb822,2024-03-24T19:36:29Z,,aef61bffbdd14be980e83b4795c3a480,No
spotify:track:3ztKHejzVoxJRKSZHFFMdJ,Twilight Zone,The Long Versions - Part One,Golden Earring,c03ea0ff06414a3db15c674e53c0dd67,2024-03-28T23:36:29Z,,aef61bffbdd14be980e83b4795c3a480,No
spotify:track:4kXX1dTN3aw9JNznU9G3oU,„É≠„Éû„É≥„Çπ,„Ç≠„É£„ÉÉ„Éà,Èà¥Êú® Âºò,34b25d7e77ca4a9094f5be4824179bc8,2024-03-25T18:58:52Z,,aef61bffbdd14be980e83b4795c3a480,No
spotify:track:4RvWPyQ5RL0ao9LPZeSouE,Everybody Wants To Rule The World,Songs From The Big Chair (Super Deluxe Edition),Tears For Fears,9a95f4b3c9ff4cfa974ff7eba1160f04,2024-03-24T18:51:14Z,,aef61bffbdd14be980e83b4795c3a480,No
spotify:track:5cbZDpFu1hTwaU7hDQpf13,Rainy Days And Mondays,Carpenters,Carpenters,f97267c5ec9f4532b3558606bec4cd1a,2024-03-25T01:32:39Z,,aef61bffbdd14be980e83b4795c3a480,No
spotify:track:6Dk5fHTvH897XrVzCO64Mx,What You Won't Do for Love,What You Won't Do for Love,Bobby Caldwell,72633bdfdd634d77bb3cafcd68adc205,2024-03-27T21:23:05Z,,aef61bffbdd14be980e83b4795c3a480,No
spotify:track:75FEaRjZTKLhTrFGsfMUXR,Running Up That Hill (A Deal With God),Hounds Of Love,Kate Bush,7d5ffc2a42d74f9db5fb492234eb38df,2024-03-28T19:21:44Z,"This category isn't fair :(
Don't You Forget About Me - Simple Minds
Tom Sawyer - Rush
Love Shack - B-52's
Burning Down the House - Talking Heads
Mississippi Queen - Mountain
What a Fool Believes - The Doobie Borthers
Also the whole 90s Drum and Bass era
",aef61bffbdd14be980e83b4795c3a480,Yes
spotify:track:7dWyBjRr6F6Ap2N6xNNXf2,Astro Zombies,Collection,"Misfits, Glenn Danzig",c6d1fb774afd43f8884c346433c7bce7,2024-03-24T19:01:28Z,Would have been fun to be a part of this scene,aef61bffbdd14be980e83b4795c3a480,Yes
spotify:track:0awWxz7WRKdSpU9RVZ5PVK,"Peer Gynt Suite No. 1, Op. 46: I. Morning Mood",Grieg: Peer Gynt Suites / Sibelius: Valse triste,"Edvard Grieg, Berliner Philharmoniker, Herbert von Karajan",c03ea0ff06414a3db15c674e53c0dd67,2024-04-03T18:42:32Z,,4505f071ea1c4a67933e1ccf6103518e,No
spotify:track:1CypvG9L8GccU532v2j5YS,Rainbow Veins,Maybe I'm Dreaming,Owl City,72633bdfdd634d77bb3cafcd68adc205,2024-04-02T19:52:28Z,,4505f071ea1c4a67933e1ccf6103518e,No
spotify:track:1FAPLNr2dl1OzCQ09l8Jdz,We'll Gather Lilacs,We'll Gather Lilacs,Nina Richards,9a95f4b3c9ff4cfa974ff7eba1160f04,2024-04-01T20:07:43Z,"I should have submitted this for ""you probably haven't heard of them"" this artist has 198 monthly listens ",4505f071ea1c4a67933e1ccf6103518e,No
spotify:track:21kvgs0G8zIKu4B4wNslzW,Let's Pretend We're Bunny Rabbits,69 Love Songs,The Magnetic Fields,f16c8cb7c892491c997f8267e6adb822,2024-04-01T19:58:12Z,üëØ,4505f071ea1c4a67933e1ccf6103518e,Yes
spotify:track:2yBVeksU2EtrPJbTu4ZslK,What a Fool Believes,Minute by Minute,The Doobie Brothers,f97267c5ec9f4532b3558606bec4cd1a,2024-04-01T19:25:19Z,,4505f071ea1c4a67933e1ccf6103518e,No
spotify:track:3PlW2cNr5pmZCXcf1Vm33h,Swimming,Time 'n' Place,Kero Kero Bonito,ded003ef081743dbb71c97bf27e95c56,2024-04-02T18:25:13Z,I'm sorry in advance if this was actually the biggest wintertime hit the UK has ever seen. ,4505f071ea1c4a67933e1ccf6103518e,Yes
spotify:track:478do7vDhmjKJCL22pe6dI,Primavera,Supernatural (Remastered),Santana,37ac29814b45431e8a7f8c5933f70f4c,2024-04-02T21:43:20Z,,4505f071ea1c4a67933e1ccf6103518e,No
spotify:track:4DP7DimT3KRKbsvjfIrcoX,Maker,Superdream,Big Wild,8af08f436eb44be5b2774ae28cad9d62,2024-04-03T02:00:43Z,,4505f071ea1c4a67933e1ccf6103518e,No
spotify:track:4Dr2hJ3EnVh2Aaot6fRwDO,Blueming,Love poem,IU,34b25d7e77ca4a9094f5be4824179bc8,2024-04-01T19:06:07Z,,4505f071ea1c4a67933e1ccf6103518e,No
spotify:track:5ypWqYw34KK2BggUh4iSvP,We Intertwined,Like Vines,The Hush Sound,c6d1fb774afd43f8884c346433c7bce7,2024-04-01T19:04:45Z,,4505f071ea1c4a67933e1ccf6103518e,No
spotify:track:608xszaAxVh4m7NcKJiAbF,One of These Nights - 2013 Remaster,One of These Nights (2013 Remaster),Eagles,7d5ffc2a42d74f9db5fb492234eb38df,2024-04-03T03:48:24Z,,4505f071ea1c4a67933e1ccf6103518e,No
spotify:track:6dGnYIeXmHdcikdzNNDMm2,Here Comes The Sun - Remastered 2009,Abbey Road (Remastered),The Beatles,cb2a0e8f95124d5b85d7d00def234564,2024-04-03T00:07:27Z,,4505f071ea1c4a67933e1ccf6103518e,No
spotify:track:1jy7DQpHFSDNdMBLNlt35J,Never Really Good At Sports,A Necessary Bummer,Sledding With Tigers,c6d1fb774afd43f8884c346433c7bce7,2024-04-07T19:32:04Z,,2c6720f7a5c34980b2c6d15a11c3f19f,No
spotify:track:1KZjU7csKHOLRiRPBWZIJS,Breathing Underwater,Synthetica (Deluxe Edition),Metric,f16c8cb7c892491c997f8267e6adb822,2024-04-07T22:25:10Z,,2c6720f7a5c34980b2c6d15a11c3f19f,No
spotify:track:1v2zyAJrChw5JnfafSkwkJ,Shiny Happy People,Out Of Time (25th Anniversary Edition),R.E.M.,c03ea0ff06414a3db15c674e53c0dd67,2024-04-08T03:46:02Z,,2c6720f7a5c34980b2c6d15a11c3f19f,No
spotify:track:21T9lWigjSIMg9uD6ZfRnQ,Eighties - 2007 Digital Remaster,Night Time,Killing Joke,7d5ffc2a42d74f9db5fb492234eb38df,2024-04-09T14:27:49Z,,2c6720f7a5c34980b2c6d15a11c3f19f,No
spotify:track:2ej1A2Ze6P2EOW7KfIosZR,Feather (feat. Cise Starr & Akin from CYNE),Modal Soul,"Nujabes, Cise Starr & Akin from CYNE",cb2a0e8f95124d5b85d7d00def234564,2024-04-10T00:18:32Z,,2c6720f7a5c34980b2c6d15a11c3f19f,No
spotify:track:2tznHmp70DxMyr2XhWLOW0,Cigarette Daydreams,Melophobia,Cage The Elephant,8534b56c8c17416399e40867a55ee238,2024-04-10T13:29:43Z,,2c6720f7a5c34980b2c6d15a11c3f19f,No
spotify:track:39F08AoluLGQ9F1J2bO4Pn,I‚Äôm So Humble,Popstar: Never Stop Never Stopping,"The Lonely Island, Adam Levine",9a95f4b3c9ff4cfa974ff7eba1160f04,2024-04-08T01:27:06Z,,2c6720f7a5c34980b2c6d15a11c3f19f,No
spotify:track:3U7QDciwhtOZ9eweyYvCnu,Tristram Theme (Diablo),Tristram Theme (Diablo),Jonas Lefvert,8af08f436eb44be5b2774ae28cad9d62,2024-04-10T00:48:49Z,"Listen to this linked, full version instead: 
https://youtu.be/XheJnmLAwhk?si=VjISevQOQ351LVyP",2c6720f7a5c34980b2c6d15a11c3f19f,Yes
spotify:track:3zjUjwofYnpvKFqIklkEzm,Thank You,I Made An Album,Da√∞i Freyr,72633bdfdd634d77bb3cafcd68adc205,2024-04-09T22:11:31Z,,2c6720f7a5c34980b2c6d15a11c3f19f,No
spotify:track:4C6EPbxGiGSX95nJY3z9ZG,I Got Heaven,I Got Heaven,Mannequin Pussy,ded003ef081743dbb71c97bf27e95c56,2024-04-09T03:47:00Z,,2c6720f7a5c34980b2c6d15a11c3f19f,No
spotify:track:4dqhnjsX69qGQ7DCMSTY7v,Devil's Spoke,I Speak Because I Can,Laura Marling,37ac29814b45431e8a7f8c5933f70f4c,2024-04-10T13:01:52Z,,2c6720f7a5c34980b2c6d15a11c3f19f,No
spotify:track:6lHzt8OuIytdbmhQDdjgwY,Â£ûÂ≠©Â≠êÁöÑÂ§©Á©∫,Âç≥Â∞á‰∏äÊò†,GONG,34b25d7e77ca4a9094f5be4824179bc8,2024-04-10T01:19:43Z,,2c6720f7a5c34980b2c6d15a11c3f19f,No
spotify:track:78dDMbCianC2eNcSiSU5Zi,Dirty Pop,The Cycle,Mother Cell,f97267c5ec9f4532b3558606bec4cd1a,2024-04-08T21:39:03Z,,2c6720f7a5c34980b2c6d15a11c3f19f,No
spotify:track:18oWEPapjNt32E6sCM6VLb,Heads Will Roll,It's Blitz! (Deluxe Edition),Yeah Yeah Yeahs,7d5ffc2a42d74f9db5fb492234eb38df,2024-04-16T23:55:03Z,,8cd38f672e634c43921fc6b482679f50,No
spotify:track:1E0A352r5zPfIZ4OjxoVaV,Wave to Anchor,Communicating,Hundred Waters,8af08f436eb44be5b2774ae28cad9d62,2024-04-17T18:17:04Z,,8cd38f672e634c43921fc6b482679f50,No
spotify:track:25nzKGDiua1lE9Qo5V19GL,Young Blood,"Passive Me, Aggressive You",The Naked And Famous,34b25d7e77ca4a9094f5be4824179bc8,2024-04-16T16:13:03Z,,8cd38f672e634c43921fc6b482679f50,No
spotify:track:2dLLR6qlu5UJ5gk0dKz0h3,Royals,Pure Heroine,Lorde,c03ea0ff06414a3db15c674e53c0dd67,2024-04-15T00:33:51Z,,8cd38f672e634c43921fc6b482679f50,No
spotify:track:2GiJYvgVaD2HtM8GqD9EgQ,Electric Love,Dopamine,B√òRNS,9a95f4b3c9ff4cfa974ff7eba1160f04,2024-04-16T10:31:39Z,,8cd38f672e634c43921fc6b482679f50,No
spotify:track:32OlwWuMpZ6b0aN2RZOeMS,Uptown Funk (feat. Bruno Mars),Uptown Special,"Mark Ronson, Bruno Mars",f16c8cb7c892491c997f8267e6adb822,2024-04-15T00:43:25Z,,8cd38f672e634c43921fc6b482679f50,No
spotify:track:3fthfkkvy9av3q3uAGVf7U,Shake It Off,1989 (Deluxe Edition),Taylor Swift,c6d1fb774afd43f8884c346433c7bce7,2024-04-15T15:27:48Z,,8cd38f672e634c43921fc6b482679f50,No
spotify:track:4jCOQPjIYVMmT06kDWoJoj,Get Old Forever,We Cool?,Jeff Rosenstock,ded003ef081743dbb71c97bf27e95c56,2024-04-17T13:17:51Z,,8cd38f672e634c43921fc6b482679f50,No
spotify:track:4wCmqSrbyCgxEXROQE6vtV,Somebody That I Used To Know,Making Mirrors,"Gotye, Kimbra",cb2a0e8f95124d5b85d7d00def234564,2024-04-15T00:09:22Z,,8cd38f672e634c43921fc6b482679f50,No
spotify:track:6Wkehibq4hvtIoO75H43OR,I.Crawl,Because the Internet,Childish Gambino,37ac29814b45431e8a7f8c5933f70f4c,2024-04-16T13:03:43Z,,8cd38f672e634c43921fc6b482679f50,No
spotify:track:7qoBL2U7VB9yaggqXJqZzg,Time Today,Time 'n' Place,Kero Kero Bonito,f97267c5ec9f4532b3558606bec4cd1a,2024-04-17T15:32:38Z,I need KKB to come out with more music,8cd38f672e634c43921fc6b482679f50,No
spotify:track:0snQkGI5qnAmohLE7jTsTn,Toxicity,Toxicity,System Of A Down,cb2a0e8f95124d5b85d7d00def234564,2024-04-22T17:35:35Z,,e86eea4e5cb24e27b21d873824616b6d,No
spotify:track:0WbMK4wrZ1wFSty9F7FCgu,"Good Luck, Babe!","Good Luck, Babe!",Chappell Roan,f97267c5ec9f4532b3558606bec4cd1a,2024-04-22T13:21:16Z,,e86eea4e5cb24e27b21d873824616b6d,No
spotify:track:0YuePEX4KyfLIPMdNLPwgQ,Endors Toi,Lonerism,Tame Impala,72633bdfdd634d77bb3cafcd68adc205,2024-04-22T01:28:19Z,"We listened to this non-stop in LA and now I associate it with sun, good food, and rollercoasters üòÑ",e86eea4e5cb24e27b21d873824616b6d,No
spotify:track:0zpL2rOQF0mLC1YLlFhB5C,A Shadow To Prevail (4-3),Aria's Ascent (The Crypt of the Necrodancer Metal Soundtrack),FamilyJules,c03ea0ff06414a3db15c674e53c0dd67,2024-04-21T23:05:32Z,,e86eea4e5cb24e27b21d873824616b6d,No
spotify:track:15qxRClwyQyaKziOCGz4ZR,Gloria,Act V: Hymns with the Devil in Confessional,The Dear Hunter,c6d1fb774afd43f8884c346433c7bce7,2024-04-21T18:58:03Z,I don't know if it'll rake in the votes but I just think it's neat,e86eea4e5cb24e27b21d873824616b6d,Yes
spotify:track:2BHj31ufdEqVK5CkYDp9mA,Mayonaka no Door / Stay With Me,Miki Matsubara Best Collection,Miki Matsubara,ded003ef081743dbb71c97bf27e95c56,2024-04-23T13:50:22Z,,e86eea4e5cb24e27b21d873824616b6d,No
spotify:track:2TOb83hrjLZAtxytar7wYz,Marceline,Chasing Waves,Vista Kicks,8534b56c8c17416399e40867a55ee238,2024-04-24T06:13:09Z,,e86eea4e5cb24e27b21d873824616b6d,No
spotify:track:3ZZq9396zv8pcn5GYVhxUi,Down Under,Business As Usual,Men At Work,7d5ffc2a42d74f9db5fb492234eb38df,2024-04-24T06:26:43Z,,e86eea4e5cb24e27b21d873824616b6d,No
spotify:track:4Y7XAxTANhu3lmnLAzhWJW,Fireball (feat. John Ryan),Globalization,"Pitbull, John Ryan",37ac29814b45431e8a7f8c5933f70f4c,2024-04-22T12:32:58Z,Who has more universal appeal than Mr Worldwide himself?,e86eea4e5cb24e27b21d873824616b6d,No
spotify:track:4yK3xXuNrkSq0OVjKUaCkY,Lights Out,Santigold,Santigold,8af08f436eb44be5b2774ae28cad9d62,2024-04-24T02:29:41Z,,e86eea4e5cb24e27b21d873824616b6d,No
spotify:track:5ihS6UUlyQAfmp48eSkxuQ,Landslide,Fleetwood Mac,Fleetwood Mac,f16c8cb7c892491c997f8267e6adb822,2024-04-21T19:48:26Z,,e86eea4e5cb24e27b21d873824616b6d,No
spotify:track:5WrEilrRI5cIW0DxMvQYPZ,Jopping,SuperM - The 1st Mini Album,SuperM,34b25d7e77ca4a9094f5be4824179bc8,2024-04-21T23:26:29Z,,e86eea4e5cb24e27b21d873824616b6d,No
spotify:track:7juaMHv1j8EAmEVEAlo1iT,Airhead,Retrovision,Honey Revenge,9a95f4b3c9ff4cfa974ff7eba1160f04,2024-04-22T00:28:16Z,,e86eea4e5cb24e27b21d873824616b6d,No
spotify:track:01UYpHuzHi4eB9PAbDoPY2,Summer Breeze,Seals & Crofts' Greatest Hits,Seals and Crofts,7d5ffc2a42d74f9db5fb492234eb38df,2024-04-29T14:48:54Z,,b3ae52f84e8941fd81b0afca36733a32,No
spotify:track:0nLOl4fSiBZKGFla5pLUtf,√Ünema,√Ünima,TOOL,9a95f4b3c9ff4cfa974ff7eba1160f04,2024-04-28T19:03:40Z,,b3ae52f84e8941fd81b0afca36733a32,No
spotify:track:1B5Y9I5wPfvD3C2A81A36C,Forest,Toxicity,System Of A Down,ded003ef081743dbb71c97bf27e95c56,2024-04-29T23:41:35Z,,b3ae52f84e8941fd81b0afca36733a32,No
spotify:track:1bd0FNaaSC4ySOTmy6oSBb,Ring 2 - Nature,Antimai,The Dear Hunter,c6d1fb774afd43f8884c346433c7bce7,2024-04-28T20:42:53Z,,b3ae52f84e8941fd81b0afca36733a32,No
spotify:track:1ne9wOtDF2jM6Cm8WBkaER,Rocky Mountain High,Rocky Mountain High,John Denver,f16c8cb7c892491c997f8267e6adb822,2024-04-29T00:38:14Z,,b3ae52f84e8941fd81b0afca36733a32,No
spotify:track:2BMCVC1kKFxiw1fy5CpwAh,Earth Song - Remastered Version,Michael Jackson's This Is It,Michael Jackson,c03ea0ff06414a3db15c674e53c0dd67,2024-04-28T20:46:47Z,,b3ae52f84e8941fd81b0afca36733a32,No
spotify:track:2eJ2K6l66oXwnsNwxjldFG,Birding,Sufi La,"Swet Shop Boys, Riz Ahmed, Heems",cb2a0e8f95124d5b85d7d00def234564,2024-04-29T18:13:11Z,,b3ae52f84e8941fd81b0afca36733a32,No
spotify:track:2KLjcZ67h7Dad8QjW1IvE4,The Path of the Wind - Instrumental,My Neighbor Totoro Soundtrack Collection,Joe Hisaishi,34b25d7e77ca4a9094f5be4824179bc8,2024-04-29T01:45:16Z,,b3ae52f84e8941fd81b0afca36733a32,No
spotify:track:3CecLFOWdbQwc2qdTmHAc8,Your Rocky Spine,Ongiara,Great Lake Swimmers,37ac29814b45431e8a7f8c5933f70f4c,2024-04-30T15:11:03Z,,b3ae52f84e8941fd81b0afca36733a32,No
spotify:track:3vy3ld7my2hDUTv4u7KIJR,Mother Nature's Bitch,Watch This Liquid Pour Itself,Okay Kaya,f97267c5ec9f4532b3558606bec4cd1a,2024-04-28T21:15:00Z,,b3ae52f84e8941fd81b0afca36733a32,No
spotify:track:4jBcsNIjIYLfhHTyh9SDbI,Cliffs of Dover,Guitar Hits,"Tam√°s Szekeres, Tibor Varga, Egon P√≥ka, Ferenc Debreczeni",72633bdfdd634d77bb3cafcd68adc205,2024-04-29T23:44:58Z,They're quite beautiful,b3ae52f84e8941fd81b0afca36733a32,Yes
spotify:track:4NaGY243CJk0aNbxvgLBQJ,The Moss,The Moss,Cosmo Sheldrake,8534b56c8c17416399e40867a55ee238,2024-05-01T05:47:22Z,,b3ae52f84e8941fd81b0afca36733a32,No
spotify:track:6NDuYg5KklJi8XKkJxb7d8,Just a Cloud,Sensorimotor,"Lusine, Vilja Larjosto",8af08f436eb44be5b2774ae28cad9d62,2024-04-28T19:27:25Z,,b3ae52f84e8941fd81b0afca36733a32,No
spotify:track:0DwWlEbLDEDY0VpZJWXU82,Pointerlude,The Loop - EP,Chill Bump,37ac29814b45431e8a7f8c5933f70f4c,2024-05-08T18:21:51Z,,901ef39fb273411cb6d402687c2cd975,No
spotify:track:0UFDKFqW2oGspYeYqo9wjA,Bleed It Out,Minutes to Midnight,Linkin Park,f16c8cb7c892491c997f8267e6adb822,2024-05-05T20:10:40Z,,901ef39fb273411cb6d402687c2cd975,No
spotify:track:1AAYbsAIgEJMbxgLgpjE9y,Since I Left You,Since I Left You (20th Anniversary Deluxe Edition),The Avalanches,f97267c5ec9f4532b3558606bec4cd1a,2024-05-07T21:26:40Z,,901ef39fb273411cb6d402687c2cd975,No
spotify:track:1lgN0A2Vki2FTON5PYq42m,Warriors,Smoke + Mirrors (Deluxe),Imagine Dragons,72633bdfdd634d77bb3cafcd68adc205,2024-05-08T18:27:56Z,,901ef39fb273411cb6d402687c2cd975,No
spotify:track:1YLJVmuzeM2YSUkCCaTNUB,Dog Days Are Over,Lungs (Deluxe Edition),Florence + The Machine,cb2a0e8f95124d5b85d7d00def234564,2024-05-08T17:46:12Z,,901ef39fb273411cb6d402687c2cd975,No
spotify:track:2DlHlPMa4M17kufBvI2lEN,Chop Suey!,Toxicity,System Of A Down,c03ea0ff06414a3db15c674e53c0dd67,2024-05-08T17:39:23Z,,901ef39fb273411cb6d402687c2cd975,No
spotify:track:3CooKxVlbaWSKre1oQXeRZ,BREATHING UNDERWATER,A Call To The Void,Hot Milk,9a95f4b3c9ff4cfa974ff7eba1160f04,2024-05-05T19:55:40Z,Idk what ben likes this is just a good song. ,901ef39fb273411cb6d402687c2cd975,Yes
spotify:track:4idXqwDDENjWPbkrEy1w47,High And Low,High And Low,Empire Of The Sun,7d5ffc2a42d74f9db5fb492234eb38df,2024-05-05T20:43:54Z,FIFA 15,901ef39fb273411cb6d402687c2cd975,Yes
spotify:track:51rPRW8NjxZoWPPjnRGzHw,Tadow,Lady Lady,"Masego, FKJ",34b25d7e77ca4a9094f5be4824179bc8,2024-05-06T02:13:38Z,,901ef39fb273411cb6d402687c2cd975,No
spotify:track:5MseZw249M7toEhrTFfRsr,ÊÑüÊÉÖ„É™„ÉÜ„É©„Ç∑„Éº,Flyers,BRADIO,c6d1fb774afd43f8884c346433c7bce7,2024-05-05T19:34:23Z,,901ef39fb273411cb6d402687c2cd975,No
spotify:track:63rZ9InG6YLtJH0ML5YWta,Skinny Ape,Cracker Island (Deluxe),Gorillaz,8af08f436eb44be5b2774ae28cad9d62,2024-05-08T04:12:09Z,,901ef39fb273411cb6d402687c2cd975,No
spotify:track:6gSalwEvVQfSFiqgwfyITp,Luv (sic) pt2,Luv(sic) Hexalogy,Nujabes,ded003ef081743dbb71c97bf27e95c56,2024-05-05T19:42:45Z,,901ef39fb273411cb6d402687c2cd975,No
spotify:track:6pP7muebYMLT46IOZOLvyN,Tiny Moves,Tiny Moves,Bleachers,8534b56c8c17416399e40867a55ee238,2024-05-08T18:33:54Z,,901ef39fb273411cb6d402687c2cd975,Yes
spotify:track:0D8l86LXxKcgKAO17DfQsl,Rosetta Stoned,"10,000 Days",TOOL,8534b56c8c17416399e40867a55ee238,2024-05-12T19:08:09Z,,5cb98d3a78a24d63941d0b7c491022d8,No
spotify:track:0MaM0yE9EdQEJwDfs6EAZ9,„Çø„Ç§„É†„Éª„É™„Éü„ÉÉ„Éà,CASIOPEA,CASIOPEA,34b25d7e77ca4a9094f5be4824179bc8,2024-05-14T17:38:01Z,,5cb98d3a78a24d63941d0b7c491022d8,No
spotify:track:1PbRz1gKWjzZhz4dstMjOj,it's not litter if you bin it,it's not litter if you bin it,Niko B,8af08f436eb44be5b2774ae28cad9d62,2024-05-16T19:53:45Z,,5cb98d3a78a24d63941d0b7c491022d8,No
spotify:track:24zde9Ff2MgsMBG5ocvgK8,BURN THE WITCH,Love Me Forever,Pinkshift,9a95f4b3c9ff4cfa974ff7eba1160f04,2024-05-12T19:03:01Z,,5cb98d3a78a24d63941d0b7c491022d8,No
spotify:track:4C6EPbxGiGSX95nJY3z9ZG,I Got Heaven,I Got Heaven,Mannequin Pussy,f16c8cb7c892491c997f8267e6adb822,2024-05-13T01:36:24Z,,5cb98d3a78a24d63941d0b7c491022d8,No
spotify:track:4RvWPyQ5RL0ao9LPZeSouE,Everybody Wants To Rule The World,Songs From The Big Chair (Super Deluxe Edition),Tears For Fears,ded003ef081743dbb71c97bf27e95c56,2024-05-12T19:31:20Z,,5cb98d3a78a24d63941d0b7c491022d8,No
spotify:track:4wFBbeR03fah9nwy0isyO8,The Predatory Wasp of the Palisades Is Out to Get Us!,Illinois,Sufjan Stevens,c03ea0ff06414a3db15c674e53c0dd67,2024-05-13T22:54:03Z,,5cb98d3a78a24d63941d0b7c491022d8,No
spotify:track:5jDZnw3Jvvpx1SFRmWnMlC,"Rusalka, Rusalka / Wild Rushes",I'll Be Your Girl,The Decemberists,37ac29814b45431e8a7f8c5933f70f4c,2024-05-15T17:59:36Z,,5cb98d3a78a24d63941d0b7c491022d8,No
spotify:track:5lE64uyiHhhSwS01VI4pV6,Buurman Uit Berlijn,Buurman Uit Berlijn,"MCR-T, Joost",f97267c5ec9f4532b3558606bec4cd1a,2024-05-15T19:01:29Z,I can't help but hakken to this,5cb98d3a78a24d63941d0b7c491022d8,Yes
spotify:track:5RX8T3EoTuXcybAxe6oPAw,Cha Cha Cha,Cha Cha Cha,K√§√§rij√§,c6d1fb774afd43f8884c346433c7bce7,2024-05-12T19:26:26Z,,5cb98d3a78a24d63941d0b7c491022d8,No
spotify:track:5XemvyG79fcKPl5lgbhplq,W.I.T.C.H.,W.I.T.C.H.,Devon Cole,72633bdfdd634d77bb3cafcd68adc205,2024-05-15T12:05:32Z,made it onto all of my normal playlists,5cb98d3a78a24d63941d0b7c491022d8,No
spotify:track:6d8emMtf3rgv8kfbQliDMw,I'm Corrupt,Wise Guy,Kid Creole And The Coconuts,7d5ffc2a42d74f9db5fb492234eb38df,2024-05-16T14:19:44Z,,5cb98d3a78a24d63941d0b7c491022d8,No
spotify:track:7ubd6wvhN4TKMwQUy6hR69,Ladyfingers,Whipped Cream & Other Delights,Herb Alpert & The Tijuana Brass,cb2a0e8f95124d5b85d7d00def234564,2024-05-13T01:55:43Z,,5cb98d3a78a24d63941d0b7c491022d8,No
spotify:track:08DVeb5frpxJ2UX7tYLvWe,Probl√©matique,Probl√©matique,Kim Petras,f97267c5ec9f4532b3558606bec4cd1a,2024-06-03T21:36:05Z,,ba34823bf3b2403683cef0d6ea4c0ee8,No
spotify:track:0wwPcA6wtMf6HUMpIRdeP7,Hotline Bling,Views,Drake,ded003ef081743dbb71c97bf27e95c56,2024-06-02T01:43:47Z,,ba34823bf3b2403683cef0d6ea4c0ee8,No
spotify:track:0xRdqAmhUIY31tGwZOjeFF,ÊúÄÈ´òÈÄüFall in Love - „É©„ÇØ„Éç„É©ver.,„Äå„É¢„É≥„Çπ„Çø„ÉºÂ®ò„ÅÆ„ÅÑ„ÇãÊó•Â∏∏„Äç„Ç≠„É£„É©„ÇØ„Çø„Éº„ÇΩ„É≥„Ç∞ (Vol.6„Äå„É©„ÇØ„Éç„É©„Äç),„É©„ÇØ„Éç„É©(CV:‰∏≠ÊùëÊ°ú),c03ea0ff06414a3db15c674e53c0dd67,2024-06-02T05:08:57Z,This was a fucking nightmare to put into music league since they moved away from spotify urls and onto song titles. Had to inspect element so that I didn't have to try to type it out.,ba34823bf3b2403683cef0d6ea4c0ee8,No
spotify:track:2tgQaL85WoRfgEa4hFQgrE,Feathered Indians,Purgatory,Tyler Childers,37ac29814b45431e8a7f8c5933f70f4c,2024-06-01T18:14:04Z,,ba34823bf3b2403683cef0d6ea4c0ee8,No
spotify:track:2VEsmoek0sol9MnJFyoG9e,Burnin' Up,A Little Bit Longer,Jonas Brothers,9a95f4b3c9ff4cfa974ff7eba1160f04,2024-06-04T12:48:29Z,,ba34823bf3b2403683cef0d6ea4c0ee8,No
spotify:track:35mvY5S1H3J2QZyna3TFe0,positions,Positions,Ariana Grande,72633bdfdd634d77bb3cafcd68adc205,2024-06-03T22:04:50Z,I'm so afraid to like pop,ba34823bf3b2403683cef0d6ea4c0ee8,Yes
spotify:track:3RLI8S7KpEZs4SqePGjM2R,dui,music 2,estelle allen,8534b56c8c17416399e40867a55ee238,2024-06-04T12:48:00Z,,ba34823bf3b2403683cef0d6ea4c0ee8,No
spotify:track:4g3IrwIgcR2NIaO1h10orQ,Are You Serious,Pink Season,Pink Guy,7d5ffc2a42d74f9db5fb492234eb38df,2024-06-04T13:50:24Z,when will idubbbztv do another content cop? üò†üò†üò†,ba34823bf3b2403683cef0d6ea4c0ee8,No
spotify:track:4z2XCPp1kB5sZpzF5aLSPw,No Good Al Joad,Get Disowned,Hop Along,c6d1fb774afd43f8884c346433c7bce7,2024-06-01T19:09:32Z,,ba34823bf3b2403683cef0d6ea4c0ee8,No
spotify:track:5eo5uGyM4q70CLU3LZphfu,Hello Kitty,Avril Lavigne (Expanded Edition),Avril Lavigne,cb2a0e8f95124d5b85d7d00def234564,2024-06-01T19:20:53Z,,ba34823bf3b2403683cef0d6ea4c0ee8,No
spotify:track:5x72ol5TLUO0ymkQr4JuWB,Stupid MF,You'll Rebel to Anything (Expanded and Remastered 2008),Mindless Self Indulgence,f16c8cb7c892491c997f8267e6adb822,2024-06-03T01:10:42Z,This is not even the most tasteless MSI song,ba34823bf3b2403683cef0d6ea4c0ee8,Yes
spotify:track:611nlMA40SKg9gQ4pTVXT3,Discord,Discord,"The Living Tombstone, Eurobeat Brony",34b25d7e77ca4a9094f5be4824179bc8,2024-06-02T01:16:41Z,,ba34823bf3b2403683cef0d6ea4c0ee8,No
spotify:track:7mDKRYiqejoHzP7dQGxLys,212,Broke with Expensive Taste,"Azealia Banks, Lazy Jay",8af08f436eb44be5b2774ae28cad9d62,2024-06-04T12:48:05Z,,ba34823bf3b2403683cef0d6ea4c0ee8,No
spotify:track:0Dx352kZFiXR1NlcEMDJZx,Diplomat's Son,Contra,Vampire Weekend,8af08f436eb44be5b2774ae28cad9d62,2024-06-08T19:49:38Z,,fc679ab5c45948d285c6385146ecdcf8,No
spotify:track:0h0A93X0cOihhnuOv6EPtF,Runner‚Äôs High,MUNA,MUNA,34b25d7e77ca4a9094f5be4824179bc8,2024-06-10T19:16:16Z,,fc679ab5c45948d285c6385146ecdcf8,No
spotify:track:11ZulcYY4lowvcQm4oe3VJ,Slumber Party (feat. Princess Nokia),DEMIDEVIL,"Ashnikko, Princess Nokia",7d5ffc2a42d74f9db5fb492234eb38df,2024-06-10T13:53:01Z,,fc679ab5c45948d285c6385146ecdcf8,No
spotify:track:1pu4luiWwVAcJRoCuqJfWg,God in Jeans,Boy in Jeans,Ryan Beatty,8534b56c8c17416399e40867a55ee238,2024-06-11T18:57:01Z,,fc679ab5c45948d285c6385146ecdcf8,No
spotify:track:27ThQIsofXro6xEz3SzQWi,Not The Same,Not The Same,Sheldon Riley,cb2a0e8f95124d5b85d7d00def234564,2024-06-10T22:34:18Z,,fc679ab5c45948d285c6385146ecdcf8,No
spotify:track:2M9ro2krNb7nr7HSprkEgo,Fast Car,Tracy Chapman,Tracy Chapman,ded003ef081743dbb71c97bf27e95c56,2024-06-09T05:04:52Z,,fc679ab5c45948d285c6385146ecdcf8,No
spotify:track:2NPQbiRn9f5JWlCgNLNZJn,Sad Tonight,How To Be Human,Chelsea Cutler,9a95f4b3c9ff4cfa974ff7eba1160f04,2024-06-09T17:49:01Z,,fc679ab5c45948d285c6385146ecdcf8,No
spotify:track:2QZbSC8GZPSLXVL4ezviiL,PRESSURE BOMB 3?!?!,A BEGINNER'S GUIDE TO FAKING YOUR DEATH,Jhariah,c6d1fb774afd43f8884c346433c7bce7,2024-06-08T19:02:18Z,,fc679ab5c45948d285c6385146ecdcf8,No
spotify:track:5GUz1LkyUwjMxC5aC1H5zW,Slut Pop,Slut Pop,Kim Petras,f97267c5ec9f4532b3558606bec4cd1a,2024-06-09T13:22:18Z,,fc679ab5c45948d285c6385146ecdcf8,No
spotify:track:6IhkXHtj7tJg5waF4utfX0,Lipstick Lover,Lipstick Lover,Janelle Mon√°e,37ac29814b45431e8a7f8c5933f70f4c,2024-06-11T13:57:35Z,,fc679ab5c45948d285c6385146ecdcf8,No
spotify:track:7B0uWqVjMySfDKhtZghBkO,Heat Wave,Lush,Snail Mail,72633bdfdd634d77bb3cafcd68adc205,2024-06-10T02:39:22Z,"Great album, fun store",fc679ab5c45948d285c6385146ecdcf8,No
spotify:track:7Gjze5dPQjujzoHGOQReWT,Fem in a Black Leather Jacket,Undressed,Pansy Division,f16c8cb7c892491c997f8267e6adb822,2024-06-08T19:26:54Z,,fc679ab5c45948d285c6385146ecdcf8,No
spotify:track:7h2yhVxcZOGyQdOwD4Hu8J,I Want To Break Free - Remastered 2011,The Works (Deluxe Remastered Version),Queen,c03ea0ff06414a3db15c674e53c0dd67,2024-06-10T20:21:55Z,,fc679ab5c45948d285c6385146ecdcf8,No
spotify:track:0ey4iqerF9LH8e0DKGpNMz,Echo,The Color Spectrum: The Complete Collection,The Dear Hunter,c6d1fb774afd43f8884c346433c7bce7,2024-06-15T23:58:29Z,,e8849e158cfb40a685c23626dd05bda6,No
spotify:track:0VfKvpU7yDs5FQHO5eUefE,The Impulse Theory,Lamb,Aberdeen is Dead,8534b56c8c17416399e40867a55ee238,2024-06-18T18:18:38Z,,e8849e158cfb40a685c23626dd05bda6,No
spotify:track:1c2meJL1RaGILGSw9Lnj0P,Chosen to Deserve,Rat Saw God,Wednesday,f97267c5ec9f4532b3558606bec4cd1a,2024-06-16T14:35:19Z,,e8849e158cfb40a685c23626dd05bda6,No
spotify:track:1jMaB19DiVR8OihLSuYFOt,Spoonman,Superunknown (20th Anniversary),Soundgarden,ded003ef081743dbb71c97bf27e95c56,2024-06-16T17:07:57Z,,e8849e158cfb40a685c23626dd05bda6,No
spotify:track:2cf9GVuaPNQaBQxhRtnCEP,Mutt - Live/1999,"The Mark, Tom And Travis Show (The Enema Strikes Back!) [Live]",blink-182,8af08f436eb44be5b2774ae28cad9d62,2024-06-18T12:28:50Z,,e8849e158cfb40a685c23626dd05bda6,No
spotify:track:2d6m2F4I7wCuAKtSsdhh83,Famous Last Words,The Black Parade,My Chemical Romance,cb2a0e8f95124d5b85d7d00def234564,2024-06-16T00:45:52Z,,e8849e158cfb40a685c23626dd05bda6,No
spotify:track:2KmSnPWWCIsEomVsKnbE1a,Big Balls,Dirty Deeds Done Dirt Cheap,AC/DC,c03ea0ff06414a3db15c674e53c0dd67,2024-06-16T01:08:29Z,,e8849e158cfb40a685c23626dd05bda6,No
spotify:track:2rCYw9coYu7qW2nxkCAjry,New Wage Slavery,New Wage Slavery,End It,f16c8cb7c892491c997f8267e6adb822,2024-06-15T22:06:38Z,,e8849e158cfb40a685c23626dd05bda6,No
spotify:track:37T5HmPt4Qi9JHpcy7j1uU,Land of Confusion,Invisible Touch,Genesis,72633bdfdd634d77bb3cafcd68adc205,2024-06-16T02:43:13Z,,e8849e158cfb40a685c23626dd05bda6,No
spotify:track:4vO9dmzNRqDhFY3jD1a3P7,Mississippi Queen,Climbing!,Mountain,7d5ffc2a42d74f9db5fb492234eb38df,2024-06-17T19:52:31Z,,e8849e158cfb40a685c23626dd05bda6,No
spotify:track:6OFVScSczRGL65ctbgdmzf,"Head In The Sand, Finger On The Trigger",Babyface,"Artio, FLASCH",9a95f4b3c9ff4cfa974ff7eba1160f04,2024-06-17T21:54:41Z,,e8849e158cfb40a685c23626dd05bda6,No
spotify:track:776AftMmFFAWUIEAb3lHhw,ZITTI E BUONI,Teatro d'ira - Vol. I,M√•neskin,34b25d7e77ca4a9094f5be4824179bc8,2024-06-16T00:30:11Z,,e8849e158cfb40a685c23626dd05bda6,No
spotify:track:7gChGUkqWkinDS7uYoMLIM,Moaning Lisa Smile,My Love Is Cool,Wolf Alice,37ac29814b45431e8a7f8c5933f70f4c,2024-06-15T19:10:11Z,,e8849e158cfb40a685c23626dd05bda6,No
spotify:track:0I4hsFQ0zpkxlFOkc75Dda,Final Dream Machine,EP. 001,Honorary Astronaut,c6d1fb774afd43f8884c346433c7bce7,2024-06-25T20:44:59Z,,b90cae9abc904994adb09be6b41583c2,No
spotify:track:1MdEg2lk4EakgWnCvFUGEZ,LOVE FOOLISH,Feel Special,TWICE,34b25d7e77ca4a9094f5be4824179bc8,2024-06-23T01:30:06Z,,b90cae9abc904994adb09be6b41583c2,No
spotify:track:1Wm9ToH8j8alqgjfxSZvSs,Laughter Lines - Bonus Track,Bad Blood,Bastille,72633bdfdd634d77bb3cafcd68adc205,2024-06-25T23:15:04Z,,b90cae9abc904994adb09be6b41583c2,Yes
spotify:track:1y5V5qja332UyMeUurFhDS,Private Idaho,Wild Planet,The B-52's,7d5ffc2a42d74f9db5fb492234eb38df,2024-06-25T14:56:12Z,"Known for ""Love Shack"" and ""Rock Lobster""",b90cae9abc904994adb09be6b41583c2,Yes
spotify:track:27KGALiCFHQOPQHXnwDHxY,The Book Of Right-On,Build Me Up From Bones,Sarah Jarosz,37ac29814b45431e8a7f8c5933f70f4c,2024-06-25T18:44:17Z,,b90cae9abc904994adb09be6b41583c2,No
spotify:track:2Dqg2mRbfIVKhBZleNrgmH,Third Eye,√Ünima,TOOL,9a95f4b3c9ff4cfa974ff7eba1160f04,2024-06-24T12:51:46Z,,b90cae9abc904994adb09be6b41583c2,Yes
spotify:track:2mQEMDWLdhGHNQhf9rZSPa,Crying in Public - Alternate Version,Crying in Public (Alternate Version),Chairlift,f97267c5ec9f4532b3558606bec4cd1a,2024-06-25T17:22:02Z,,b90cae9abc904994adb09be6b41583c2,No
spotify:track:2Yi6aqwX2e0JQ9bTNUGfRT,Make Room!!!!,Number Four,My Chemical Romance,8534b56c8c17416399e40867a55ee238,2024-06-26T00:13:13Z,this is deep because many so called fans don't even know about conventional weapons üò° ,b90cae9abc904994adb09be6b41583c2,Yes
spotify:track:4AEr9IOqugNvCYXQ5WwUzg,Don't Go Outside,I Disagree,Poppy,ded003ef081743dbb71c97bf27e95c56,2024-06-24T16:59:17Z,,b90cae9abc904994adb09be6b41583c2,Yes
spotify:track:4Ev1LZ4uzjnSvDHpgdyBZK,Lost for Words,The Division Bell,Pink Floyd,c03ea0ff06414a3db15c674e53c0dd67,2024-06-26T00:55:28Z,,b90cae9abc904994adb09be6b41583c2,Yes
spotify:track:5P9EZpsQy7pBrxosDozOgZ,Leningrad,Storm Front,Billy Joel,f16c8cb7c892491c997f8267e6adb822,2024-06-23T23:25:54Z,,b90cae9abc904994adb09be6b41583c2,No
spotify:track:7fhAWoFWTKaOl1VtdqqZhf,1-800-GOT-STRESS,1-800-GOT-STRESS,Devon Cole,8af08f436eb44be5b2774ae28cad9d62,2024-06-24T20:56:50Z,,b90cae9abc904994adb09be6b41583c2,Yes
spotify:track:7KGwRAF99Ryell3B2T4DKy,They Don't Know You Like I Do,Mercury - Acts 1 & 2,Imagine Dragons,cb2a0e8f95124d5b85d7d00def234564,2024-06-25T19:27:03Z,,b90cae9abc904994adb09be6b41583c2,Yes
spotify:track:0n2SEXB2qoRQg171q7XqeW,Smooth (feat. Rob Thomas),Supernatural (Remastered),"Santana, Rob Thomas",c03ea0ff06414a3db15c674e53c0dd67,2024-07-02T21:26:19Z,,ef69668bf01c4f3e91aa00daf980bb15,Yes
spotify:track:0oigSejhoNen2EdNAIFcm5,Hollywood Baby,"10,000 gecs",100 gecs,8af08f436eb44be5b2774ae28cad9d62,2024-06-29T22:04:36Z,,ef69668bf01c4f3e91aa00daf980bb15,No
spotify:track:0xzBmAsCfu3AzX1W0GYtMJ,Guess,Brat and it‚Äôs the same but there‚Äôs three more songs so it‚Äôs not,Charli xcx,f97267c5ec9f4532b3558606bec4cd1a,2024-07-02T12:51:45Z,,ef69668bf01c4f3e91aa00daf980bb15,No
spotify:track:12V0MwkaN60cghsLsglkIf,Starburned and Unkissed,Starburned and Unkissed,Caroline Polachek,37ac29814b45431e8a7f8c5933f70f4c,2024-07-02T04:28:49Z,,ef69668bf01c4f3e91aa00daf980bb15,No
spotify:track:3NeiYiBn3rQBgurfVk92Zm,Humility (feat. George Benson),The Now Now,"Gorillaz, George Benson",ded003ef081743dbb71c97bf27e95c56,2024-07-02T21:05:12Z,,ef69668bf01c4f3e91aa00daf980bb15,Yes
spotify:track:3uYCbGo0mc5p7volIb5k2N,SURPRISE OF SUMMER,COOOL,Anri,72633bdfdd634d77bb3cafcd68adc205,2024-07-02T20:54:17Z,,ef69668bf01c4f3e91aa00daf980bb15,Yes
spotify:track:5AJ9hqTS2wcFQCELCFRO7A,MILLION DOLLAR BABY,MILLION DOLLAR BABY,Tommy Richman,7d5ffc2a42d74f9db5fb492234eb38df,2024-07-01T13:56:43Z,,ef69668bf01c4f3e91aa00daf980bb15,Yes
spotify:track:5crARIrvoMiMf2AdlD78WN,Touch my body,TOUCH N MOVE,SISTAR,34b25d7e77ca4a9094f5be4824179bc8,2024-07-01T18:44:24Z,,ef69668bf01c4f3e91aa00daf980bb15,No
spotify:track:62fqMvguJbsSs9HKhhRfuS,Talk talk,BRAT,Charli xcx,f16c8cb7c892491c997f8267e6adb822,2024-06-30T20:52:17Z,We have dua lipa at home,ef69668bf01c4f3e91aa00daf980bb15,Yes
spotify:track:6tElFyv1bQHRre3BFBHSZc,Cool for the Summer,Cool for the Summer,Letters from the Fire,c6d1fb774afd43f8884c346433c7bce7,2024-06-30T01:00:22Z,,ef69668bf01c4f3e91aa00daf980bb15,Yes
spotify:track:7ByDxFf6Xy7xPFAYafsLxI,engravings,the last laugh,Ethan Bortnick,9a95f4b3c9ff4cfa974ff7eba1160f04,2024-06-29T22:22:30Z,,ef69668bf01c4f3e91aa00daf980bb15,No
spotify:track:7p4vHnYXkxlzvfePJVpcTr,Feels Like Summer,Summer Pack,Childish Gambino,cb2a0e8f95124d5b85d7d00def234564,2024-07-02T18:52:04Z,,ef69668bf01c4f3e91aa00daf980bb15,Yes
